{"id":1467167172,"orientation":{"z":0,"x":-0.20999999344348908,"y":117.66000366210938},"position":{"z":-33.550437927246097,"x":-75.20005798339844,"y":6.474271297454834},"chatMsg":"","chatId":0}