{"id":1467167172,"orientation":{"z":0,"x":-0.07999999821186066,"y":-94.20999908447266},"position":{"z":-50.13743209838867,"x":-61.25019836425781,"y":6.499294281005859},"chatMsg":"","chatId":0}