{"id":1467167172,"orientation":{"z":0,"x":0.1899999976158142,"y":117.4800033569336},"position":{"z":-33.55207061767578,"x":-75.19691467285156,"y":6.465611457824707},"chatMsg":"","chatId":0}