{"id":1467167172,"orientation":{"z":0,"x":0.019999999552965165,"y":117.56999969482422},"position":{"z":-33.55137634277344,"x":-75.19824981689453,"y":6.466548919677734},"chatMsg":"","chatId":0}