{"id":1467167172,"orientation":{"z":0,"x":0.3400000035762787,"y":-94.33000183105469},"position":{"z":-50.13770294189453,"x":-61.25385665893555,"y":6.490256309509277},"chatMsg":"","chatId":0}