{"id":1467167172,"orientation":{"z":0,"x":-0.14000000059604646,"y":117.52999877929688},"position":{"z":-33.55073165893555,"x":-75.19949340820313,"y":6.498356819152832},"chatMsg":"","chatId":0}