{"id":1467167172,"orientation":{"z":0,"x":0.38999998569488528,"y":117.37000274658203},"position":{"z":-33.552852630615237,"x":-75.1954116821289,"y":6.486760139465332},"chatMsg":"","chatId":0}