{"id":1467167172,"orientation":{"z":0,"x":0.05999999865889549,"y":117.55000305175781},"position":{"z":-33.551536560058597,"x":-75.19793701171875,"y":6.466232776641846},"chatMsg":"","chatId":0}