{"id":1467167172,"orientation":{"z":0,"x":-0.019999999552965165,"y":117.58000183105469},"position":{"z":-33.55121612548828,"x":-75.19855499267578,"y":6.467216968536377},"chatMsg":"","chatId":0}