{"id":1467167172,"orientation":{"z":0,"x":0,"y":117.56999969482422},"position":{"z":-33.55129623413086,"x":-75.19840240478516,"y":6.466794967651367},"chatMsg":"","chatId":0}