{"id":1467167172,"orientation":{"z":0,"x":-1.7300000190734864,"y":-91.1500015258789},"position":{"z":-50.74235916137695,"x":-69.3444595336914,"y":6.5026044845581059},"chatMsg":"","chatId":0}