{"id":1467167172,"orientation":{"z":0,"x":-0.25,"y":117.62999725341797},"position":{"z":-33.55028533935547,"x":-75.20034790039063,"y":6.490414142608643},"chatMsg":"","chatId":0}