{"id":1467167172,"orientation":{"z":0,"x":-0.14000000059604646,"y":117.52999877929688},"position":{"z":-33.550716400146487,"x":-75.19951629638672,"y":6.498220443725586},"chatMsg":"","chatId":0}