{"id":1467167172,"orientation":{"z":0,"x":0,"y":-94.26000213623047},"position":{"z":-50.13748550415039,"x":-61.25093460083008,"y":6.5000762939453129},"chatMsg":"","chatId":0}