{"id":1467167172,"orientation":{"z":0,"x":0.41999998688697817,"y":117.36000061035156},"position":{"z":-33.553001403808597,"x":-75.19512176513672,"y":6.481863498687744},"chatMsg":"","chatId":0}