{"id":1467167172,"orientation":{"z":0,"x":-0.14000000059604646,"y":117.62999725341797},"position":{"z":-33.55070877075195,"x":-75.19953155517578,"y":6.471214294433594},"chatMsg":"","chatId":0}