{"id":1467167172,"orientation":{"z":0,"x":-0.12999999523162843,"y":117.5199966430664},"position":{"z":-33.55078125,"x":-75.19939422607422,"y":6.498902797698975},"chatMsg":"","chatId":0}