{"id":1467167172,"orientation":{"z":0,"x":-0.20000000298023225,"y":-94.05999755859375},"position":{"z":-50.13735580444336,"x":-61.249210357666019,"y":6.4732666015625},"chatMsg":"","chatId":0}