{"id":1467167172,"orientation":{"z":0,"x":0.4000000059604645,"y":117.37999725341797},"position":{"z":-33.552894592285159,"x":-75.19532012939453,"y":6.471683025360107},"chatMsg":"","chatId":0}