{"id":1467167172,"orientation":{"z":0,"x":0.3400000035762787,"y":117.37999725341797},"position":{"z":-33.552642822265628,"x":-75.19580841064453,"y":6.490256309509277},"chatMsg":"","chatId":0}