{"id":1467167172,"orientation":{"z":0,"x":-0.019999999552965165,"y":0.12999999523162843},"position":{"z":-32.76824188232422,"x":-81.5031967163086,"y":7.4672322273254398},"chatMsg":"","chatId":0}