{"id":1467167172,"orientation":{"z":0,"x":0.10999999940395355,"y":117.5199966430664},"position":{"z":-33.551753997802737,"x":-75.19752502441406,"y":6.465810775756836},"chatMsg":"","chatId":0}