{"id":1467167172,"orientation":{"z":0,"x":-0.03999999910593033,"y":117.58999633789063},"position":{"z":-33.55111312866211,"x":-75.1987533569336,"y":6.467779636383057},"chatMsg":"","chatId":0}