{"id":1467167172,"orientation":{"z":0,"x":-0.25999999046325686,"y":117.63999938964844},"position":{"z":-33.550254821777347,"x":-75.20040893554688,"y":6.488868713378906},"chatMsg":"","chatId":0}