{"id":1467167172,"orientation":{"z":0.019999999552965165,"x":-1.7300000190734864,"y":-176.0800018310547},"position":{"z":-44.627159118652347,"x":-60.606990814208987,"y":6.501629829406738},"chatMsg":"","chatId":0}