{"id":1467167172,"orientation":{"z":0,"x":-0.20999999344348908,"y":-94.05000305175781},"position":{"z":-50.13734817504883,"x":-61.249088287353519,"y":6.474271297454834},"chatMsg":"","chatId":0}