{"id":1467167172,"orientation":{"z":0,"x":0.41999998688697817,"y":117.36000061035156},"position":{"z":-33.552982330322269,"x":-75.19515991210938,"y":6.482476234436035},"chatMsg":"","chatId":0}