{"id":1467167172,"orientation":{"z":0,"x":-0.25999999046325686,"y":117.6500015258789},"position":{"z":-33.550235748291019,"x":-75.20044708251953,"y":6.487229347229004},"chatMsg":"","chatId":0}