{"id":1467167172,"orientation":{"z":-0.10999999940395355,"x":1.7999999523162842,"y":116.22000122070313},"position":{"z":-33.5621337890625,"x":-75.17875671386719,"y":6.510837554931641},"chatMsg":"","chatId":0}