{"id":1467167172,"orientation":{"z":0,"x":0.009999999776482582,"y":117.56999969482422},"position":{"z":-33.55131912231445,"x":-75.19835662841797,"y":6.466654300689697},"chatMsg":"","chatId":0}