{"id":1467167172,"orientation":{"z":0,"x":-0.49000000953674319,"y":-136.77000427246095},"position":{"z":-50.011226654052737,"x":-61.26716613769531,"y":6.493613243103027},"chatMsg":"","chatId":0}