{"id":1467167172,"orientation":{"z":0.20999999344348908,"x":0.2800000011920929,"y":115.9000015258789},"position":{"z":-33.55335235595703,"x":-75.18547058105469,"y":9.017163276672364},"chatMsg":"","chatId":0}