{"id":1467167172,"orientation":{"z":0,"x":-0.07999999821186066,"y":117.61000061035156},"position":{"z":-33.550968170166019,"x":-75.19903564453125,"y":6.468752861022949},"chatMsg":"","chatId":0}