{"id":1467167172,"orientation":{"z":0,"x":-0.25999999046325686,"y":117.63999938964844},"position":{"z":-33.550262451171878,"x":-75.20039367675781,"y":6.489415645599365},"chatMsg":"","chatId":0}