{"id":1467167172,"orientation":{"z":0,"x":0.4399999976158142,"y":117.3499984741211},"position":{"z":-33.55307388305664,"x":-75.19498443603516,"y":6.479414939880371},"chatMsg":"","chatId":0}