{"id":1467167172,"orientation":{"z":0,"x":-0.20000000298023225,"y":0.20000000298023225},"position":{"z":-32.769805908203128,"x":-81.5031967163086,"y":7.473280906677246},"chatMsg":"","chatId":0}