{"id":1467167172,"orientation":{"z":0,"x":-0.23999999463558198,"y":117.62000274658203},"position":{"z":-33.550323486328128,"x":-75.20027160644531,"y":6.492160797119141},"chatMsg":"","chatId":0}