{"id":1467167172,"orientation":{"z":0,"x":-0.23999999463558198,"y":117.61000061035156},"position":{"z":-33.55032730102539,"x":-75.20026397705078,"y":6.492409706115723},"chatMsg":"","chatId":0}