{"id":1467167172,"orientation":{"z":0,"x":-0.17000000178813935,"y":117.55000305175781},"position":{"z":-33.55062484741211,"x":-75.19969177246094,"y":6.497264385223389},"chatMsg":"","chatId":0}