{"id":1467167172,"orientation":{"z":0,"x":0,"y":117.45999908447266},"position":{"z":-33.551292419433597,"x":-75.19841003417969,"y":6.5000762939453129},"chatMsg":"","chatId":0}