{"id":1467167172,"orientation":{"z":0.009999999776482582,"x":-1.7300000190734864,"y":-22.850000381469728},"position":{"z":-46.73163986206055,"x":-79.38809967041016,"y":6.501734256744385},"chatMsg":"","chatId":0}