{"id":1467167172,"orientation":{"z":0,"x":-0.23999999463558198,"y":117.62000274658203},"position":{"z":-33.55030822753906,"x":-75.20030975341797,"y":6.491412162780762},"chatMsg":"","chatId":0}