{"id":1467167172,"orientation":{"z":0,"x":0.17000000178813935,"y":117.48999786376953},"position":{"z":-33.55196762084961,"x":-75.19710540771485,"y":6.465388774871826},"chatMsg":"","chatId":0}