{"id":1467167172,"orientation":{"z":0,"x":-0.1599999964237213,"y":117.63999938964844},"position":{"z":-33.55066680908203,"x":-75.19961547851563,"y":6.471624851226807},"chatMsg":"","chatId":0}