{"id":1467167172,"orientation":{"z":0,"x":0.23999999463558198,"y":117.45999908447266},"position":{"z":-33.55227279663086,"x":-75.19651794433594,"y":6.466057777404785},"chatMsg":"","chatId":0}