{"id":1467167172,"orientation":{"z":0,"x":0.07999999821186066,"y":117.44999694824219},"position":{"z":-33.55161666870117,"x":-75.19778442382813,"y":6.4990081787109379},"chatMsg":"","chatId":0}