{"id":1467167172,"orientation":{"z":0,"x":-0.25,"y":117.66999816894531},"position":{"z":-33.550289154052737,"x":-75.2003402709961,"y":6.477924346923828},"chatMsg":"","chatId":0}