{"id":1467167172,"orientation":{"z":0,"x":0.2199999988079071,"y":117.47000122070313},"position":{"z":-33.55217361450195,"x":-75.19671630859375,"y":6.465834617614746},"chatMsg":"","chatId":0}