{"id":1467167172,"orientation":{"z":0,"x":-0.2800000011920929,"y":117.68000030517578},"position":{"z":-33.5501823425293,"x":-75.20054626464844,"y":6.482857704162598},"chatMsg":"","chatId":0}