{"id":1467167172,"orientation":{"z":0,"x":1.3300000429153443,"y":115.19999694824219},"position":{"z":-34.8311653137207,"x":-72.803466796875,"y":12.464327812194825},"chatMsg":"","chatId":0}