{"id":1467167172,"orientation":{"z":0,"x":-0.17000000178813935,"y":117.55000305175781},"position":{"z":-33.550601959228519,"x":-75.19974517822266,"y":6.496860504150391},"chatMsg":"","chatId":0}