{"id":1467167172,"orientation":{"z":0,"x":0.12999999523162843,"y":117.44000244140625},"position":{"z":-33.55180358886719,"x":-75.19742584228516,"y":6.498397350311279},"chatMsg":"","chatId":0}