{"id":1467167172,"orientation":{"z":0,"x":0.2199999988079071,"y":117.47000122070313},"position":{"z":-33.55219650268555,"x":-75.19667053222656,"y":6.465890407562256},"chatMsg":"","chatId":0}