{"id":1467167172,"orientation":{"z":0,"x":-0.03999999910593033,"y":117.4800033569336},"position":{"z":-33.551124572753909,"x":-75.19873809814453,"y":6.499685287475586},"chatMsg":"","chatId":0}