{"id":1467167172,"orientation":{"z":0,"x":-0.25,"y":117.66999816894531},"position":{"z":-33.55027770996094,"x":-75.20036315917969,"y":6.47847318649292},"chatMsg":"","chatId":0}