{"id":1467167172,"orientation":{"z":0,"x":-0.07999999821186066,"y":117.5},"position":{"z":-33.55095291137695,"x":-75.19906616210938,"y":6.499294281005859},"chatMsg":"","chatId":0}