{"id":1467167172,"orientation":{"z":0,"x":0.25,"y":117.41000366210938},"position":{"z":-33.55230712890625,"x":-75.19645690917969,"y":6.494182109832764},"chatMsg":"","chatId":0}