{"id":1467167172,"orientation":{"z":0,"x":-0.009999999776482582,"y":117.45999908447266},"position":{"z":-33.55125045776367,"x":-75.19849395751953,"y":6.499978542327881},"chatMsg":"","chatId":0}