{"id":1467167172,"orientation":{"z":0,"x":0.3400000035762787,"y":-0.07000000029802323},"position":{"z":-32.7651481628418,"x":-81.5031967163086,"y":7.49027156829834},"chatMsg":"","chatId":0}