{"id":1467167172,"orientation":{"z":0,"x":0.20999999344348908,"y":-94.29000091552735},"position":{"z":-50.13762283325195,"x":-61.25276184082031,"y":6.4961442947387699},"chatMsg":"","chatId":0}