{"id":1467167172,"orientation":{"z":0,"x":0.09000000357627869,"y":117.44999694824219},"position":{"z":-33.551666259765628,"x":-75.19769287109375,"y":6.498855113983154},"chatMsg":"","chatId":0}