{"id":1467167172,"orientation":{"z":0,"x":0.05999999865889549,"y":-94.16999816894531},"position":{"z":-50.13752365112305,"x":-61.251461029052737,"y":6.466232776641846},"chatMsg":"","chatId":0}