{"id":1467167172,"orientation":{"z":0,"x":0.33000001311302187,"y":117.41999816894531},"position":{"z":-33.5526123046875,"x":-75.19586944580078,"y":6.468557357788086},"chatMsg":"","chatId":0}