{"id":1467167172,"orientation":{"z":0,"x":0.3700000047683716,"y":-94.31999969482422},"position":{"z":-50.137725830078128,"x":-61.25415802001953,"y":6.46980619430542},"chatMsg":"","chatId":0}