{"id":1467167172,"orientation":{"z":0,"x":0.3700000047683716,"y":117.38999938964844},"position":{"z":-33.552799224853519,"x":-75.19551086425781,"y":6.470041275024414},"chatMsg":"","chatId":0}