{"id":1467167172,"orientation":{"z":0.019999999552965165,"x":-1.7300000190734864,"y":-95.37000274658203},"position":{"z":-50.307044982910159,"x":-63.5369758605957,"y":6.500393867492676},"chatMsg":"","chatId":0}