{"id":1467167172,"orientation":{"z":0,"x":0.14000000059604646,"y":-0.019999999552965165},"position":{"z":-32.76686477661133,"x":-81.5031967163086,"y":7.498259544372559},"chatMsg":"","chatId":0}