{"id":1467167172,"orientation":{"z":0,"x":-0.03999999910593033,"y":117.58999633789063},"position":{"z":-33.55113983154297,"x":-75.19869995117188,"y":6.467638969421387},"chatMsg":"","chatId":0}