{"id":1467167172,"orientation":{"z":0,"x":0.17000000178813935,"y":-94.22000122070313},"position":{"z":-50.137596130371097,"x":-61.25239944458008,"y":6.465388774871826},"chatMsg":"","chatId":0}