{"id":1467167172,"orientation":{"z":0,"x":0.41999998688697817,"y":117.37000274658203},"position":{"z":-33.55299377441406,"x":-75.19513702392578,"y":6.474885940551758},"chatMsg":"","chatId":0}