{"id":1467167172,"orientation":{"z":0,"x":-1.7300000190734864,"y":-54.29999923706055},"position":{"z":-50.4190788269043,"x":-75.0699462890625,"y":6.499664306640625},"chatMsg":"","chatId":0}