{"id":1467167172,"orientation":{"z":0,"x":-0.07000000029802323,"y":117.5999984741211},"position":{"z":-33.55101013183594,"x":-75.1989517211914,"y":6.468342304229736},"chatMsg":"","chatId":0}