{"id":1467167172,"orientation":{"z":0,"x":0,"y":0},"position":{"z":-32.7680778503418,"x":-81.5031967163086,"y":7.500091552734375},"chatMsg":"","chatId":0}