{"id":1467167172,"orientation":{"z":0,"x":0.1899999976158142,"y":117.43000030517578},"position":{"z":-33.552040100097659,"x":-75.19696807861328,"y":6.49684476852417},"chatMsg":"","chatId":0}