{"id":1467167172,"orientation":{"z":0,"x":0.4300000071525574,"y":117.36000061035156},"position":{"z":-33.55303192138672,"x":-75.19506072998047,"y":6.4771504402160648},"chatMsg":"","chatId":0}