{"id":1467167172,"orientation":{"z":0.019999999552965165,"x":-1.7300000190734864,"y":-24.8700008392334},"position":{"z":-41.33453369140625,"x":-80.87044525146485,"y":6.500186920166016},"chatMsg":"","chatId":0}