{"id":1467167172,"orientation":{"z":0,"x":-0.25999999046325686,"y":117.68000030517578},"position":{"z":-33.550228118896487,"x":-75.20045471191406,"y":6.48066520690918},"chatMsg":"","chatId":0}