{"id":1467167172,"orientation":{"z":0,"x":-0.23999999463558198,"y":117.66999816894531},"position":{"z":-33.550323486328128,"x":-75.20027923583985,"y":6.47628116607666},"chatMsg":"","chatId":0}