{"id":1467167172,"orientation":{"z":0,"x":-0.03999999910593033,"y":-94.12000274658203},"position":{"z":-50.137454986572269,"x":-61.25054931640625,"y":6.467779636383057},"chatMsg":"","chatId":0}