{"id":1467167172,"orientation":{"z":0,"x":0.4099999964237213,"y":117.36000061035156},"position":{"z":-33.55292510986328,"x":-75.19526672363281,"y":6.484311580657959},"chatMsg":"","chatId":0}