{"id":1467167172,"orientation":{"z":0,"x":0.28999999165534975,"y":15.550000190734864},"position":{"z":-37.95325469970703,"x":-83.30919647216797,"y":6.666545391082764},"chatMsg":"","chatId":0}