{"id":1467167172,"orientation":{"z":0,"x":-0.15000000596046449,"y":117.54000091552735},"position":{"z":-33.55067825317383,"x":-75.19959259033203,"y":6.4978108406066898},"chatMsg":"","chatId":0}