{"id":1467167172,"orientation":{"z":0,"x":0.14000000059604646,"y":-94.27999877929688},"position":{"z":-50.137577056884769,"x":-61.25214385986328,"y":6.498244285583496},"chatMsg":"","chatId":0}