{"id":1467167172,"orientation":{"z":0,"x":0.4099999964237213,"y":117.37000274658203},"position":{"z":-33.55295181274414,"x":-75.1952133178711,"y":6.472620964050293},"chatMsg":"","chatId":0}