{"id":1467167172,"orientation":{"z":0,"x":-0.23000000417232514,"y":117.66999816894531},"position":{"z":-33.55036544799805,"x":-75.2001953125,"y":6.475526809692383},"chatMsg":"","chatId":0}