{"id":1467167172,"orientation":{"z":0,"x":0.3499999940395355,"y":117.37999725341797},"position":{"z":-33.552711486816409,"x":-75.1956787109375,"y":6.489090919494629},"chatMsg":"","chatId":0}