{"id":1467167172,"orientation":{"z":0,"x":-0.10000000149011612,"y":117.61000061035156},"position":{"z":-33.550880432128909,"x":-75.1991958618164,"y":6.469573020935059},"chatMsg":"","chatId":0}