{"id":1467167172,"orientation":{"z":0,"x":-0.27000001072883608,"y":117.66000366210938},"position":{"z":-33.550209045410159,"x":-75.20049285888672,"y":6.485044002532959},"chatMsg":"","chatId":0}