{"id":1467167172,"orientation":{"z":0,"x":-0.12999999523162843,"y":117.62999725341797},"position":{"z":-33.55075454711914,"x":-75.19944763183594,"y":6.470804214477539},"chatMsg":"","chatId":0}