{"id":1467167172,"orientation":{"z":0,"x":0.20999999344348908,"y":117.41999816894531},"position":{"z":-33.5521354675293,"x":-75.19678497314453,"y":6.496145248413086},"chatMsg":"","chatId":0}