{"id":1467167172,"orientation":{"z":0,"x":0.4000000059604645,"y":117.37999725341797},"position":{"z":-33.55290985107422,"x":-75.19529724121094,"y":6.471918106079102},"chatMsg":"","chatId":0}