{"id":1467167172,"orientation":{"z":0,"x":0.1599999964237213,"y":117.43000030517578},"position":{"z":-33.551944732666019,"x":-75.19715118408203,"y":6.497544765472412},"chatMsg":"","chatId":0}