{"id":1467167172,"orientation":{"z":0,"x":-0.12999999523162843,"y":-94.19000244140625},"position":{"z":-50.13740539550781,"x":-61.24983215332031,"y":6.498902797698975},"chatMsg":"","chatId":0}