{"id":1467167172,"orientation":{"z":0,"x":-0.1899999976158142,"y":117.56999969482422},"position":{"z":-33.5505256652832,"x":-75.19988250732422,"y":6.495646953582764},"chatMsg":"","chatId":0}