{"id":1467167172,"orientation":{"z":0,"x":0.28999999165534975,"y":117.44000244140625},"position":{"z":-33.55244445800781,"x":-75.19619750976563,"y":6.4673075675964359},"chatMsg":"","chatId":0}