{"id":1467167172,"orientation":{"z":0,"x":-0.10999999940395355,"y":117.62000274658203},"position":{"z":-33.550838470458987,"x":-75.19927978515625,"y":6.4699835777282719},"chatMsg":"","chatId":0}