{"id":1467167172,"orientation":{"z":0,"x":-0.23000000417232514,"y":117.66999816894531},"position":{"z":-33.55038070678711,"x":-75.20016479492188,"y":6.475275993347168},"chatMsg":"","chatId":0}