{"id":1467167172,"orientation":{"z":0,"x":0.05000000074505806,"y":117.44999694824219},"position":{"z":-33.55147933959961,"x":-75.19805145263672,"y":6.4994659423828129},"chatMsg":"","chatId":0}