{"id":1467167172,"orientation":{"z":0,"x":-0.3799999952316284,"y":138.27000427246095},"position":{"z":-39.644203186035159,"x":-62.944496154785159,"y":12.87873363494873},"chatMsg":"","chatId":0}