{"id":1467167172,"orientation":{"z":0,"x":-0.20000000298023225,"y":117.66000366210938},"position":{"z":-33.55049514770508,"x":-75.19994354248047,"y":6.473265647888184},"chatMsg":"","chatId":0}