{"id":1467167172,"orientation":{"z":0,"x":0.3700000047683716,"y":117.37000274658203},"position":{"z":-33.55278396606445,"x":-75.19554138183594,"y":6.4879255294799809},"chatMsg":"","chatId":0}