{"id":1467167172,"orientation":{"z":0,"x":0.1599999964237213,"y":-94.27999877929688},"position":{"z":-50.13759231567383,"x":-61.252349853515628,"y":6.497544765472412},"chatMsg":"","chatId":0}