{"id":1467167172,"orientation":{"z":0,"x":0.3799999952316284,"y":117.38999938964844},"position":{"z":-33.55284118652344,"x":-75.1954345703125,"y":6.470745086669922},"chatMsg":"","chatId":0}