{"id":1467167172,"orientation":{"z":0,"x":0.4300000071525574,"y":117.37000274658203},"position":{"z":-33.553001403808597,"x":-75.19511413574219,"y":6.475451946258545},"chatMsg":"","chatId":0}