{"id":1467167172,"orientation":{"z":0.3799999952316284,"x":-1.059999942779541,"y":115.76000213623047},"position":{"z":-37.342628479003909,"x":-67.05552673339844,"y":10.647375106811524},"chatMsg":"","chatId":0}