{"id":1467167172,"orientation":{"z":0,"x":0.10000000149011612,"y":117.52999877929688},"position":{"z":-33.551700592041019,"x":-75.1976318359375,"y":6.465916633605957},"chatMsg":"","chatId":0}