{"id":1467167172,"orientation":{"z":0.019999999552965165,"x":-1.7300000190734864,"y":17.850000381469728},"position":{"z":-37.20797348022461,"x":-83.17924499511719,"y":7.427675724029541},"chatMsg":"","chatId":0}