{"id":1467167172,"orientation":{"z":0,"x":0.3700000047683716,"y":117.4000015258789},"position":{"z":-33.55278396606445,"x":-75.19554138183594,"y":6.469806671142578},"chatMsg":"","chatId":0}