{"id":1467167172,"orientation":{"z":0,"x":-0.20999999344348908,"y":117.58999633789063},"position":{"z":-33.5504264831543,"x":-75.2000732421875,"y":6.494028568267822},"chatMsg":"","chatId":0}