{"id":1467167172,"orientation":{"z":0,"x":0.14000000059604646,"y":117.44000244140625},"position":{"z":-33.55185317993164,"x":-75.19733428955078,"y":6.498244285583496},"chatMsg":"","chatId":0}