{"Orientation":{"y":-1.7200000286102296,"x":0.5299999713897705,"z":0.009999999776482582},"chatId":0,"position":{"y":9.951441764831543,"x":-56.59757614135742,"z":-89.81196594238281}}