{"Orientation":{"y":-72.66000366210938,"x":-1.7300000190734864,"z":0.009999999776482582},"chatId":0,"position":{"y":6.502054214477539,"x":-55.906105041503909,"z":-15.092357635498047}}