{"Orientation":{"y":0.10999999940395355,"x":-0.1899999976158142,"z":0},"chatId":0,"position":{"y":7.495662212371826,"x":-83.99737548828125,"z":-27.5411434173584}}