{"Orientation":{"y":114.66999816894531,"x":-1.7300000190734864,"z":0},"chatId":0,"position":{"y":6.503028869628906,"x":-100.15137481689453,"z":-45.14260482788086}}