{"Orientation":{"y":-152.74000549316407,"x":-1.7300000190734864,"z":0},"chatId":0,"position":{"y":6.500518798828125,"x":-68.515869140625,"z":-26.196441650390626}}