{"Orientation":{"y":-43.900001525878909,"x":2.690000057220459,"z":-0.03999999910593033},"chatId":0,"position":{"y":13.516042709350586,"x":-60.7943115234375,"z":-41.83443069458008}}