{"Orientation":{"y":147.35000610351563,"x":0,"z":0},"chatId":0,"position":{"y":6.5000762939453129,"x":-67.82135009765625,"z":-5.492271423339844}}