{"Orientation":{"y":63.04999923706055,"x":-1.7300000190734864,"z":0.009999999776482582},"chatId":0,"position":{"y":6.501800537109375,"x":-74.81774139404297,"z":-60.44629669189453}}