{"Orientation":{"y":124.23999786376953,"x":-1.7300000190734864,"z":-0.009999999776482582},"chatId":0,"position":{"y":6.499488830566406,"x":-76.41680908203125,"z":-20.613832473754884}}