{"Orientation":{"y":-39.810001373291019,"x":-1.7300000190734864,"z":0.019999999552965165},"chatId":0,"position":{"y":6.499907493591309,"x":-62.625247955322269,"z":-13.547286033630371}}