{"Orientation":{"y":21.139999389648439,"x":-0.27000001072883608,"z":0},"chatId":0,"position":{"y":6.483951091766357,"x":-68.78705596923828,"z":-118.7032470703125}}