{"Orientation":{"y":-65.73999786376953,"x":-1.7300000190734864,"z":0},"chatId":0,"position":{"y":6.501716136932373,"x":-4.3724870681762699,"z":-33.79408264160156}}