{"Orientation":{"y":-11.59000015258789,"x":-1.7300000190734864,"z":0.009999999776482582},"chatId":0,"position":{"y":6.502030372619629,"x":-55.17433166503906,"z":-15.382277488708496}}