{"Orientation":{"y":159.8800048828125,"x":-1.7300000190734864,"z":0.009999999776482582},"chatId":0,"position":{"y":6.501994609832764,"x":-157.10708618164063,"z":-44.8044548034668}}