{"Orientation":{"y":-0.05999999865889549,"x":0.2800000011920929,"z":0},"chatId":0,"position":{"y":7.492725372314453,"x":-81.6496810913086,"z":-31.69918441772461}}