{"Orientation":{"y":31.200000762939454,"x":-0.18000000715255738,"z":0},"chatId":0,"position":{"y":6.472445487976074,"x":-76.77735900878906,"z":-19.06997299194336}}