{"Orientation":{"y":0.019999999552965165,"x":0.20999999344348908,"z":0},"chatId":0,"position":{"y":7.465738296508789,"x":-83.99737548828125,"z":-27.537683486938478}}