{"Orientation":{"y":-74.30000305175781,"x":0.28999999165534975,"z":0},"chatId":0,"position":{"y":6.467307090759277,"x":-54.47100830078125,"z":-15.523974418640137}}