{"Orientation":{"y":-41.08000183105469,"x":-1.440000057220459,"z":0.009999999776482582},"chatId":0,"position":{"y":6.501101970672607,"x":-72.82403564453125,"z":-29.157691955566408}}