{"Orientation":{"y":-74.22000122070313,"x":-0.12999999523162843,"z":0},"chatId":0,"position":{"y":6.498902797698975,"x":-54.4675407409668,"z":-15.52495002746582}}