{"Orientation":{"y":5.809999942779541,"x":-1.7300000190734864,"z":0.019999999552965165},"chatId":0,"position":{"y":6.501241207122803,"x":-76.85894012451172,"z":-22.205820083618165}}