{"Orientation":{"y":-74.23999786376953,"x":-0.07999999821186066,"z":0},"chatId":0,"position":{"y":6.499294281005859,"x":-54.4678955078125,"z":-15.524849891662598}}