{"Orientation":{"y":31.209999084472658,"x":-0.20000000298023225,"z":0},"chatId":0,"position":{"y":6.4732666015625,"x":-76.77745819091797,"z":-19.070133209228517}}