{"Orientation":{"y":117.70999908447266,"x":2.2100000381469728,"z":-0.10999999940395355},"chatId":0,"position":{"y":11.614706039428711,"x":-129.91197204589845,"z":-60.5557861328125}}