{"Orientation":{"y":137.11000061035157,"x":-1.7300000190734864,"z":0.009999999776482582},"chatId":0,"position":{"y":6.501908302307129,"x":-93.55433654785156,"z":-45.54031753540039}}