{"Orientation":{"y":118.3499984741211,"x":-1.7300000190734864,"z":0.019999999552965165},"chatId":0,"position":{"y":6.500298976898193,"x":-68.6774673461914,"z":-5.696171760559082}}