{"Orientation":{"y":-17.34000015258789,"x":0,"z":0},"chatId":0,"position":{"y":6.5000762939453129,"x":-54.21957778930664,"z":-19.753231048583986}}