{"Orientation":{"y":-110.80999755859375,"x":-1.7300000190734864,"z":0},"chatId":0,"position":{"y":6.5032958984375,"x":-142.3951416015625,"z":-49.33591079711914}}