{"Orientation":{"y":96.20999908447266,"x":-1.1200000047683716,"z":0.019999999552965165},"chatId":0,"position":{"y":6.499697208404541,"x":-94.70947265625,"z":-47.58141326904297}}