{"Orientation":{"y":0,"x":0,"z":0},"chatId":0,"position":{"y":7.500091552734375,"x":-86.5853042602539,"z":-32.8559684753418}}