{"Orientation":{"y":20.829999923706056,"x":0.41999998688697817,"z":0},"chatId":0,"position":{"y":6.483087539672852,"x":-68.784912109375,"z":-118.69763946533203}}