{"Orientation":{"y":179.8699951171875,"x":0.019999999552965165,"z":0},"chatMsg":"asd","chatId":14,"position":{"y":6.489899158477783,"x":-78.9183349609375,"z":-3.5939841270446779}}