{"Orientation":{"y":31,"x":0.09000000357627869,"z":0},"chatId":0,"position":{"y":6.498855113983154,"x":-76.7761459350586,"z":-19.06795883178711}}