{"Orientation":{"y":-27.770000457763673,"x":-0.7900000214576721,"z":0.009999999776482582},"chatId":0,"position":{"y":6.4989333152771,"x":1.3562284708023072,"z":-38.729393005371097}}