{"Orientation":{"y":0.2199999988079071,"x":-0.23999999463558198,"z":0},"chatId":0,"position":{"y":7.476844310760498,"x":-86.02670288085938,"z":-34.84250259399414}}