{"Orientation":{"y":-74.27999877929688,"x":0,"z":0},"chatId":0,"position":{"y":6.5000762939453129,"x":-54.468605041503909,"z":-15.524650573730469}}