{"Orientation":{"y":-74.36000061035156,"x":0.4000000059604645,"z":0},"chatId":0,"position":{"y":6.471683025360107,"x":-54.471954345703128,"z":-15.52370834350586}}