{"Orientation":{"y":-112,"x":-1.7300000190734864,"z":0.019999999552965165},"chatId":0,"position":{"y":6.501734256744385,"x":-89.82323455810547,"z":-32.123661041259769}}