{"Orientation":{"y":-74.16000366210938,"x":-0.019999999552965165,"z":0},"chatId":0,"position":{"y":6.467216968536377,"x":-54.468448638916019,"z":-15.524694442749024}}