{"Orientation":{"y":0.2199999988079071,"x":-0.25,"z":0},"chatId":0,"position":{"y":7.477940082550049,"x":-85.75912475585938,"z":-27.91275978088379}}