{"Orientation":{"y":0.20000000298023225,"x":-0.20000000298023225,"z":0},"chatId":0,"position":{"y":7.473532676696777,"x":-78.91136169433594,"z":-29.396738052368165}}