{"Orientation":{"y":44.029998779296878,"x":-1.440000057220459,"z":0},"chatId":0,"position":{"y":6.502080917358398,"x":-128.4347686767578,"z":-52.11664962768555}}