{"Orientation":{"y":71.79000091552735,"x":-1.7300000190734864,"z":0},"chatId":0,"position":{"y":6.49962043762207,"x":-145.82281494140626,"z":-42.35002136230469}}