{"Orientation":{"y":4.5,"x":3.2200000286102297,"z":0},"chatId":0,"position":{"y":12.057184219360352,"x":-63.44966506958008,"z":-75.55268096923828}}