{"Orientation":{"y":-111.4800033569336,"x":-1.7300000190734864,"z":0.009999999776482582},"chatId":0,"position":{"y":6.50261926651001,"x":-160.84207153320313,"z":-56.6002082824707}}