{"Orientation":{"y":180,"x":0,"z":0},"chatMsg":"asd/as","chatId":11,"position":{"y":6.5000762939453129,"x":-78.91136169433594,"z":-3.5938048362731935}}