{"Orientation":{"y":0.05000000074505806,"x":-0.11999999731779099,"z":0},"chatId":0,"position":{"y":7.486386775970459,"x":-79.26907348632813,"z":-29.03536033630371}}