{"Orientation":{"y":-44.77000045776367,"x":1.6200000047683716,"z":0.05999999865889549},"chatId":0,"position":{"y":13.6048583984375,"x":-67.20004272460938,"z":-35.086849212646487}}