{"Orientation":{"y":120.05000305175781,"x":-1.7300000190734864,"z":0},"chatId":0,"position":{"y":6.5008978843688969,"x":-63.05276870727539,"z":-12.989612579345704}}