{"Orientation":{"y":141.9600067138672,"x":-1.1799999475479127,"z":0.4300000071525574},"chatId":0,"position":{"y":11.420907974243164,"x":-133.50172424316407,"z":-52.027252197265628}}