{"Orientation":{"y":-74.16999816894531,"x":0.009999999776482582,"z":0},"chatId":0,"position":{"y":6.466654300689697,"x":-54.46866226196289,"z":-15.52463436126709}}