{"Orientation":{"y":135.2899932861328,"x":0.05999999865889549,"z":0},"chatId":0,"position":{"y":6.466232776641846,"x":-134.60716247558595,"z":-51.438663482666019}}