{"Orientation":{"y":-89.81999969482422,"x":-0.25999999046325686,"z":0},"chatMsg":"sad","chatId":16,"position":{"y":6.489416122436523,"x":-52.72708511352539,"z":0.6054783463478088}}