{"Orientation":{"y":0.47999998927116396,"x":0,"z":0},"chatMsg":"s","chatId":4,"position":{"y":7.500091552734375,"x":-78.91136169433594,"z":-29.390274047851564}}