{"Orientation":{"y":-71.4000015258789,"x":-1.7300000190734864,"z":0.009999999776482582},"chatId":0,"position":{"y":6.523082733154297,"x":-75.15132141113281,"z":-29.16853904724121}}