{"Orientation":{"y":-0.03999999910593033,"x":0.33000001311302187,"z":0},"chatId":0,"position":{"y":7.46857213973999,"x":-83.85479736328125,"z":-35.0230598449707}}