{"Orientation":{"y":-23.450000762939454,"x":-1.7300000190734864,"z":0},"chatId":0,"position":{"y":6.933872222900391,"x":-76.20533752441406,"z":-33.42977523803711}}