{"Orientation":{"y":-134.80999755859376,"x":-0.25999999046325686,"z":0},"chatId":0,"position":{"y":6.489416122436523,"x":-98.52336120605469,"z":-30.024267196655275}}