{"Orientation":{"y":-112,"x":-1.7300000190734864,"z":0.019999999552965165},"chatId":0,"position":{"y":6.501734256744385,"x":-125.70297241210938,"z":-42.76051330566406}}