{"Orientation":{"y":-169.22999572753907,"x":-1.7300000190734864,"z":0},"chatId":0,"position":{"y":6.501713752746582,"x":-102.60879516601563,"z":-33.88893127441406}}