{"Orientation":{"y":135.6999969482422,"x":-1.7300000190734864,"z":0.019999999552965165},"chatId":0,"position":{"y":6.501058578491211,"x":-87.7695083618164,"z":-51.63513946533203}}