{"Orientation":{"y":-179.8800048828125,"x":-0.019999999552965165,"z":0},"chatMsg":"asd","chatId":13,"position":{"y":6.467216968536377,"x":-78.91136169433594,"z":-3.593641996383667}}