{"Orientation":{"y":-97.88999938964844,"x":-1.7300000190734864,"z":0.009999999776482582},"chatId":0,"position":{"y":6.502893924713135,"x":-76.99270629882813,"z":-7.418130874633789}}