{"Orientation":{"y":-155.10000610351563,"x":-0.7900000214576721,"z":0.009999999776482582},"chatId":0,"position":{"y":6.498989582061768,"x":-134.6045684814453,"z":-51.4320182800293}}