{"Orientation":{"y":-70.97000122070313,"x":-0.5600000023841858,"z":0.3799999952316284},"chatId":0,"position":{"y":12.834179878234864,"x":-62.453086853027347,"z":-51.07093811035156}}