{"Orientation":{"y":-179.99000549316407,"x":0.2199999988079071,"z":0},"chatMsg":"asd","chatId":12,"position":{"y":6.465890407562256,"x":-78.91136169433594,"z":-3.5957679748535158}}