{"Orientation":{"y":-0.09000000357627869,"x":0.4300000071525574,"z":0},"chatId":0,"position":{"y":7.475467205047607,"x":-77.61446380615235,"z":-32.03974533081055}}