{"Orientation":{"y":179.1999969482422,"x":-1.4299999475479127,"z":0.019999999552965165},"chatMsg":"s","chatId":10,"position":{"y":6.500520706176758,"x":-78.911376953125,"z":-7.629537105560303}}