{"Orientation":{"y":-29.049999237060548,"x":0.4099999964237213,"z":0},"chatId":0,"position":{"y":6.484311580657959,"x":1.3274070024490357,"z":-38.65959930419922}}