{"Orientation":{"y":-11.710000038146973,"x":-1.7300000190734864,"z":0.009999999776482582},"chatId":0,"position":{"y":6.5031867027282719,"x":-61.38921356201172,"z":-104.0018081665039}}