{"Orientation":{"y":0,"x":0,"z":0},"chatId":0,"position":{"y":7.500091552734375,"x":-83.99737548828125,"z":-27.53948211669922}}