{"Orientation":{"y":0,"x":0,"z":0},"chatMsg":"Hi","chatId":1,"position":{"y":7.500091552734375,"x":-78.91136169433594,"z":-29.39497947692871}}