{"Orientation":{"y":30.969999313354493,"x":0.23000000417232514,"z":0},"chatId":0,"position":{"y":6.495163440704346,"x":-76.77552795410156,"z":-19.066923141479493}}