{"Orientation":{"y":-28.75,"x":-0.23000000417232514,"z":0},"chatId":0,"position":{"y":6.475275993347168,"x":1.3300795555114747,"z":-38.664432525634769}}