{"Orientation":{"y":-19.3799991607666,"x":-1.7300000190734864,"z":0.019999999552965165},"chatId":0,"position":{"y":7.500227928161621,"x":-83.73619079589844,"z":-27.429906845092775}}