{"Orientation":{"y":20.93000030517578,"x":0,"z":0},"chatId":0,"position":{"y":6.5000762939453129,"x":-68.78620910644531,"z":-118.7010269165039}}