{"Orientation":{"y":133.4199981689453,"x":-1.7300000190734864,"z":0},"chatId":0,"position":{"y":6.500854015350342,"x":-84.13715362548828,"z":-19.22767448425293}}