{"Orientation":{"y":46.2400016784668,"x":-1.7300000190734864,"z":-0.009999999776482582},"chatId":0,"position":{"y":6.499993801116943,"x":-62.60401916503906,"z":-49.74612045288086}}