{"Orientation":{"y":21.149999618530275,"x":-0.27000001072883608,"z":0},"chatId":0,"position":{"y":6.481761455535889,"x":-68.78704833984375,"z":-118.7032241821289}}