{"Orientation":{"y":-15.760000228881836,"x":1.6699999570846558,"z":-0.03999999910593033},"chatId":0,"position":{"y":13.95601749420166,"x":-70.32671356201172,"z":-46.71217346191406}}