{"Orientation":{"y":4.5,"x":1.5299999713897706,"z":0},"chatId":0,"position":{"y":9.99208927154541,"x":-64.1039810180664,"z":-83.86974334716797}}