{"Orientation":{"y":-28.809999465942384,"x":-0.07000000029802323,"z":0},"chatId":0,"position":{"y":6.468342304229736,"x":1.3294169902801514,"z":-38.66323471069336}}