{"Orientation":{"y":-68.30999755859375,"x":-1.7300000190734864,"z":0.019999999552965165},"chatId":0,"position":{"y":6.50058126449585,"x":-47.08375930786133,"z":-20.56756591796875}}