{"Orientation":{"y":-0.07999999821186066,"x":0.36000001430511477,"z":0},"chatId":0,"position":{"y":7.488814830780029,"x":-81.6496810913086,"z":-31.698537826538087}}