{"Orientation":{"y":-112.45999908447266,"x":-1.7300000190734864,"z":0.019999999552965165},"chatId":0,"position":{"y":7.500749111175537,"x":-81.22233581542969,"z":-28.734264373779298}}