{"Orientation":{"y":-110.30999755859375,"x":-1.7300000190734864,"z":0.019999999552965165},"chatId":0,"position":{"y":6.500669479370117,"x":-38.287696838378909,"z":-20.33524513244629}}