{"Orientation":{"y":96.56999969482422,"x":-0.1599999964237213,"z":0},"chatId":0,"position":{"y":6.471624851226807,"x":-94.59654235839844,"z":-47.615806579589847}}