{"Orientation":{"y":87.56999969482422,"x":-1.7300000190734864,"z":0},"chatId":0,"position":{"y":6.501028537750244,"x":-135.18325805664063,"z":-39.115081787109378}}