{"Orientation":{"y":75.16999816894531,"x":-1.7300000190734864,"z":0},"chatId":0,"position":{"y":6.50333309173584,"x":-109.708984375,"z":-43.74624252319336}}