{"Orientation":{"y":-28.979999542236329,"x":0.28999999165534975,"z":0},"chatId":0,"position":{"y":6.467307090759277,"x":1.3279131650924683,"z":-38.66051483154297}}