{"Orientation":{"y":176.55999755859376,"x":0.4000000059604645,"z":0},"chatMsg":"s","chatId":5,"position":{"y":6.484926700592041,"x":-78.9111557006836,"z":-22.353376388549806}}