{"Orientation":{"y":21.059999465942384,"x":-0.03999999910593033,"z":0},"chatId":0,"position":{"y":6.467779636383057,"x":-68.78634643554688,"z":-118.70138549804688}}