{"Orientation":{"y":44.65999984741211,"x":-1.7300000190734864,"z":0.009999999776482582},"chatId":0,"position":{"y":6.502562522888184,"x":-80.2778091430664,"z":-41.398929595947269}}