{"Orientation":{"y":-67.69999694824219,"x":-1.7300000190734864,"z":0.019999999552965165},"chatId":0,"position":{"y":6.500603199005127,"x":-69.34856414794922,"z":-7.732900619506836}}