{"Orientation":{"y":47.68000030517578,"x":-1.7300000190734864,"z":0},"chatId":0,"position":{"y":6.5030412673950199,"x":-68.64611053466797,"z":-55.47904968261719}}