{"Orientation":{"y":-112.80000305175781,"x":-1.7300000190734864,"z":0.019999999552965165},"chatId":0,"position":{"y":6.499907493591309,"x":-55.160377502441409,"z":-18.468629837036134}}