{"Orientation":{"y":31,"x":0.14000000059604646,"z":0},"chatId":0,"position":{"y":6.498244285583496,"x":-76.77593994140625,"z":-19.067611694335939}}