{"Orientation":{"y":-102.91000366210938,"x":3.509999990463257,"z":-0.03999999910593033},"chatId":0,"position":{"y":13.642110824584961,"x":-174.27159118652345,"z":-55.34740447998047}}