{"Orientation":{"y":-110.69000244140625,"x":-1.7300000190734864,"z":0.019999999552965165},"chatId":0,"position":{"y":6.500634670257568,"x":-108.2507553100586,"z":-39.381988525390628}}