{"Orientation":{"y":-66.41999816894531,"x":-1.7300000190734864,"z":0.009999999776482582},"chatId":0,"position":{"y":6.502034664154053,"x":-21.581523895263673,"z":-26.310998916625978}}