{"Orientation":{"y":-28.790000915527345,"x":-0.23999999463558198,"z":0},"chatId":0,"position":{"y":6.491412162780762,"x":1.3301568031311036,"z":-38.66456985473633}}