{"Orientation":{"y":-112.45999908447266,"x":2.880000114440918,"z":-0.019999999552965165},"chatId":0,"position":{"y":13.732525825500489,"x":-169.9827880859375,"z":-60.2025260925293}}