{"Orientation":{"y":-0.03999999910593033,"x":0.3400000035762787,"z":0},"chatId":0,"position":{"y":7.4688849449157719,"x":-84.46027374267578,"z":-36.347206115722659}}