{"Orientation":{"y":31.190000534057618,"x":-1.7300000190734864,"z":0.009999999776482582},"chatId":0,"position":{"y":6.501814365386963,"x":-73.57365417480469,"z":-13.738893508911133}}