{"Orientation":{"y":20.920000076293947,"x":0.029999999329447748,"z":0},"chatId":0,"position":{"y":6.499619007110596,"x":-68.78610229492188,"z":-118.70074462890625}}