{"Orientation":{"y":-36.939998626708987,"x":-1.7300000190734864,"z":0},"chatId":0,"position":{"y":6.500860691070557,"x":-70.7313003540039,"z":-38.34296798706055}}