{"Orientation":{"y":-91.26000213623047,"x":-1.7300000190734864,"z":0.019999999552965165},"chatMsg":"asd","chatId":15,"position":{"y":6.499998092651367,"x":-52.74964141845703,"z":0.6056198477745056}}