{"Orientation":{"y":-0.699999988079071,"x":0.36000001430511477,"z":0},"chatId":0,"position":{"y":7.488814830780029,"x":-81.6336898803711,"z":-31.701635360717775}}