{"Orientation":{"y":-28.959999084472658,"x":0,"z":0},"chatId":0,"position":{"y":6.5000762939453129,"x":1.3291218280792237,"z":-38.66270065307617}}