{"Orientation":{"y":149.2899932861328,"x":-1.7300000190734864,"z":-0.009999999776482582},"chatId":0,"position":{"y":6.499645233154297,"x":-67.60429382324219,"z":-5.831315040588379}}