{"Orientation":{"y":0.03999999910593033,"x":-0.07000000029802323,"z":0},"chatId":0,"position":{"y":7.4994072914123539,"x":-86.3099136352539,"z":-36.45432662963867}}