{"Orientation":{"y":41.91999816894531,"x":-1.7300000190734864,"z":0.009999999776482582},"chatId":0,"position":{"y":6.5024027824401859,"x":-60.590003967285159,"z":-110.8758316040039}}