{"Orientation":{"y":-154.00999450683595,"x":-1.7300000190734864,"z":-0.009999999776482582},"chatId":0,"position":{"y":6.499682903289795,"x":-131.52743530273438,"z":-44.52376174926758}}