{"Orientation":{"y":22.139999389648439,"x":-1.7300000190734864,"z":0},"chatId":0,"position":{"y":6.503029823303223,"x":-68.7918930053711,"z":-118.71499633789063}}