{"Orientation":{"y":78.06999969482422,"x":-1.7300000190734864,"z":0.019999999552965165},"chatId":0,"position":{"y":6.501291751861572,"x":-85.60710144042969,"z":-47.343841552734378}}