{"Orientation":{"y":31.229999542236329,"x":-0.23000000417232514,"z":0},"chatId":0,"position":{"y":6.475778102874756,"x":-76.77761840820313,"z":-19.07040023803711}}