{"Orientation":{"y":129.6699981689453,"x":-1.7300000190734864,"z":0.019999999552965165},"chatId":0,"position":{"y":6.49990701675415,"x":-82.14105224609375,"z":-57.57014083862305}}