{"Orientation":{"y":-105.77999877929688,"x":-1.7300000190734864,"z":0.019999999552965165},"chatId":0,"position":{"y":6.500733852386475,"x":-117.03717041015625,"z":-39.57697677612305}}