{"Orientation":{"y":-66.3499984741211,"x":-1.7300000190734864,"z":0.009999999776482582},"chatId":0,"position":{"y":6.502048492431641,"x":-12.800681114196778,"z":-30.129228591918947}}