{"Orientation":{"y":-0.019999999552965165,"x":0.1599999964237213,"z":0},"chatId":0,"position":{"y":7.497560024261475,"x":-79.27074432373047,"z":-29.0322265625}}