{"Orientation":{"y":138.47000122070313,"x":-1.7300000190734864,"z":-0.009999999776482582},"chatId":0,"position":{"y":6.499488830566406,"x":-98.95044708251953,"z":-39.854183197021487}}