{"Orientation":{"y":-167.33999633789063,"x":-1.7300000190734864,"z":0.009999999776482582},"chatId":0,"position":{"y":6.503255367279053,"x":-84.75838470458985,"z":-11.34859561920166}}