{"Orientation":{"y":-135.08999633789063,"x":0.4300000071525574,"z":0},"chatId":0,"position":{"y":6.477149963378906,"x":-98.5276107788086,"z":-30.028518676757814}}