{"Orientation":{"y":-112.66000366210938,"x":-1.7300000190734864,"z":0.019999999552965165},"chatId":0,"position":{"y":6.500467300415039,"x":-72.4189224243164,"z":-25.267711639404298}}