{"Orientation":{"y":-67.7699966430664,"x":-1.7300000190734864,"z":0.019999999552965165},"chatId":0,"position":{"y":6.501119136810303,"x":-29.773290634155275,"z":-22.748138427734376}}