{"Orientation":{"y":-110.02999877929688,"x":-1.7300000190734864,"z":0},"chatId":0,"position":{"y":6.502323627471924,"x":-150.70701599121095,"z":-52.61061477661133}}