{"Orientation":{"y":-134.82000732421876,"x":-0.25,"z":0},"chatId":0,"position":{"y":6.490414142608643,"x":-98.52339172363281,"z":-30.024303436279298}}