{"Orientation":{"y":-179.10000610351563,"x":-1.7300000190734864,"z":0},"chatMsg":"s","chatId":8,"position":{"y":6.5015363693237309,"x":-78.91110229492188,"z":-13.544465065002442}}