{"Orientation":{"y":-111.68000030517578,"x":-1.7300000190734864,"z":0.009999999776482582},"chatId":0,"position":{"y":6.50229549407959,"x":-134.28756713867188,"z":-46.1428337097168}}