{"Orientation":{"y":3.5199999809265138,"x":3.2200000286102297,"z":0},"chatId":0,"position":{"y":13.63591194152832,"x":-62.103084564208987,"z":-58.42695617675781}}