{"Orientation":{"y":30.979999542236329,"x":0.20999999344348908,"z":0},"chatId":0,"position":{"y":6.4961442947387699,"x":-76.77561950683594,"z":-19.067079544067384}}