{"Orientation":{"y":31.690000534057618,"x":-1.7300000190734864,"z":-0.009999999776482582},"chatId":0,"position":{"y":6.500039577484131,"x":-59.16514205932617,"z":-97.95061492919922}}