{"Orientation":{"y":147.3800048828125,"x":0.1899999976158142,"z":0},"chatId":0,"position":{"y":6.465611457824707,"x":-67.82044219970703,"z":-5.493692874908447}}