{"Orientation":{"y":-111.41000366210938,"x":-1.7300000190734864,"z":0.009999999776482582},"chatId":0,"position":{"y":6.50270414352417,"x":-98.1534652709961,"z":-35.40456008911133}}