{"Orientation":{"y":0.2199999988079071,"x":-0.25999999046325686,"z":0},"chatId":0,"position":{"y":7.479036808013916,"x":-81.6496810913086,"z":-31.703886032104493}}