{"Orientation":{"y":31.15999984741211,"x":-0.07000000029802323,"z":0},"chatId":0,"position":{"y":6.468342304229736,"x":-76.7768783569336,"z":-19.06917381286621}}