{"Orientation":{"y":4.489999771118164,"x":3.5899999141693117,"z":0},"chatId":0,"position":{"y":12.791882514953614,"x":-62.76259994506836,"z":-66.82720184326172}}