{"Orientation":{"y":-74.45999908447266,"x":0.05000000074505806,"z":0},"chatId":0,"position":{"y":6.4994659423828129,"x":-76.7593765258789,"z":-23.431888580322267}}