{"Orientation":{"y":-112.68000030517578,"x":-1.7300000190734864,"z":0.019999999552965165},"chatId":0,"position":{"y":6.500211238861084,"x":-63.511695861816409,"z":-21.758285522460939}}