{"Orientation":{"y":-72.66000366210938,"x":-1.3700000047683716,"z":0},"chatId":0,"position":{"y":7.457314968109131,"x":-76.99365997314453,"z":-32.60795593261719}}