{"Orientation":{"y":-102.02999877929688,"x":3.359999895095825,"z":-0.029999999329447748},"chatId":0,"position":{"y":13.649534225463868,"x":-170.4383544921875,"z":-46.51998519897461}}