{"Orientation":{"y":-0.10000000149011612,"x":0.4399999976158142,"z":0},"chatId":0,"position":{"y":7.4788641929626469,"x":-86.3099136352539,"z":-36.4498405456543}}