{"Orientation":{"y":20.899999618530275,"x":0.17000000178813935,"z":0},"chatId":0,"position":{"y":6.497194290161133,"x":-68.7856674194336,"z":-118.6996078491211}}