{"Orientation":{"y":-0.07999999821186066,"x":0.3400000035762787,"z":0},"chatId":0,"position":{"y":7.4899797439575199,"x":-85.56771087646485,"z":-28.409574508666993}}