{"Orientation":{"y":-74.11000061035156,"x":-0.25,"z":0},"chatId":0,"position":{"y":6.490414142608643,"x":-54.46649932861328,"z":-15.525242805480957}}