{"Orientation":{"y":-111.7300033569336,"x":-1.159999966621399,"z":0},"chatId":0,"position":{"y":6.412295341491699,"x":-58.86395263671875,"z":-85.16613006591797}}