{"Orientation":{"y":-21.459999084472658,"x":1.100000023841858,"z":-0.05999999865889549},"chatId":0,"position":{"y":11.288636207580567,"x":-125.89252471923828,"z":-60.77567672729492}}