{"Orientation":{"y":70.62999725341797,"x":-1.7300000190734864,"z":0},"chatId":0,"position":{"y":6.501744270324707,"x":-120.1181869506836,"z":-47.743553161621097}}