{"Orientation":{"y":96.30000305175781,"x":0.38999998569488528,"z":0},"chatId":0,"position":{"y":6.486147880554199,"x":-94.59178924560547,"z":-47.61634063720703}}