{"Orientation":{"y":-179.38999938964845,"x":-0.800000011920929,"z":0.009999999776482582},"chatMsg":"s","chatId":7,"position":{"y":6.491848468780518,"x":-78.9112319946289,"z":-18.369421005249025}}