{"Orientation":{"y":-135.0800018310547,"x":0.38999998569488528,"z":0},"chatId":0,"position":{"y":6.486759662628174,"x":-98.52733612060547,"z":-30.02823829650879}}