{"Orientation":{"y":21.049999237060548,"x":-0.019999999552965165,"z":0},"chatId":0,"position":{"y":6.467216968536377,"x":-68.78627014160156,"z":-118.70117950439453}}