{"Orientation":{"y":0.10000000149011612,"x":0.029999999329447748,"z":0},"chatId":0,"position":{"y":7.466459274291992,"x":-79.27074432373047,"z":-29.033349990844728}}