{"Orientation":{"y":20.940000534057618,"x":0.2199999988079071,"z":0},"chatId":0,"position":{"y":6.465890407562256,"x":-68.78550720214844,"z":-118.6991958618164}}