{"Orientation":{"y":0.029999999329447748,"x":0.1899999976158142,"z":0},"chatId":0,"position":{"y":7.465571403503418,"x":-86.02670288085938,"z":-34.838741302490237}}