{"chatId":0,"position":{"y":28.420560836791993,"x":-102.20883178710938,"z":-23.571386337280275},"orientation":{"y":71.22000122070313,"x":0.4399999976158142,"z":0},"id":508808324,"chatMsg":""}