{"id":508808324,"orientation":{"z":0,"x":-0.07999999821186066,"y":-22.31999969482422},"position":{"z":48.33989715576172,"x":-41.93785858154297,"y":-142.9443817138672},"chatMsg":"","chatId":0}