{"chatId":0,"position":{"y":6.501035690307617,"x":-57.23208999633789,"z":-90.11959838867188},"orientation":{"y":74.61000061035156,"x":-1.7300000190734864,"z":0.019999999552965165},"id":508808324}