{"id":508808324,"orientation":{"z":0,"x":0.30000001192092898,"y":-0.019999999552965165},"position":{"z":-28.92558479309082,"x":-86.7435073852539,"y":7.467637062072754},"chatMsg":"/console","chatId":1}