{"chatId":0,"position":{"y":6.467932224273682,"x":-88.50196838378906,"z":-40.511680603027347},"orientation":{"y":-13.3100004196167,"x":0.3100000023841858,"z":0},"id":508808324,"chatMsg":""}