{"id":508808324,"orientation":{"z":0,"x":0.12999999523162843,"y":0.05999999865889549},"position":{"z":-28.927059173583986,"x":-86.7435073852539,"y":7.465720176696777},"chatMsg":"/console","chatId":1}