{"chatId":0,"position":{"y":7.500091552734375,"x":-87.48766326904297,"z":-30.863752365112306},"orientation":{"y":0,"x":0,"z":0},"id":508808324,"chatMsg":""}