{"chatId":0,"position":{"y":6.492160797119141,"x":-88.50086975097656,"z":-40.516334533691409},"orientation":{"y":-13.119999885559082,"x":-0.23999999463558198,"z":0},"id":508808324,"chatMsg":""}