{"id":508808324,"orientation":{"z":0,"x":-0.27000001072883608,"y":0.20000000298023225},"position":{"z":-28.930509567260743,"x":-86.7435073852539,"y":7.485605716705322},"chatMsg":"/console","chatId":1}