{"id":508808324,"orientation":{"z":0,"x":-0.019999999552965165,"y":0.11999999731779099},"position":{"z":-28.92833709716797,"x":-86.7435073852539,"y":7.467231750488281},"chatMsg":"/console","chatId":1}