{"chatId":0,"position":{"y":6.500232696533203,"x":-99.43769836425781,"z":-6.282959461212158},"orientation":{"y":-173.5800018310547,"x":-1.7300000190734864,"z":0.019999999552965165},"id":508808324}