{"chatId":0,"position":{"y":6.499907970428467,"x":-88.00212860107422,"z":14.287022590637207},"orientation":{"y":145.6999969482422,"x":-1.7300000190734864,"z":0.019999999552965165},"id":508808324}