{"chatId":0,"position":{"y":7.4657206535339359,"x":-85.83724975585938,"z":-29.868480682373048},"orientation":{"y":0.05999999865889549,"x":0.12999999523162843,"z":0},"id":508808324}