{"id":508808324,"orientation":{"z":0,"x":0.38999998569488528,"y":-153.63999938964845},"position":{"z":63.61512756347656,"x":-36.877071380615237,"y":-140.96678161621095},"chatMsg":"","chatId":0}