{"id":508808324,"orientation":{"z":2.109999895095825,"x":28.549999237060548,"y":179.72000122070313},"position":{"z":24.278100967407228,"x":-61.45808792114258,"y":-137.07960510253907},"chatMsg":"","chatId":0}