{"chatId":0,"position":{"y":6.482857704162598,"x":-93.60127258300781,"z":-52.972469329833987},"orientation":{"y":114.62999725341797,"x":-0.2800000011920929,"z":0},"id":508808324}