{"id":508808324,"orientation":{"z":0,"x":0.28999999165534975,"y":179.07000732421876},"position":{"z":51.06468963623047,"x":-39.22322082519531,"y":-142.9763641357422},"chatMsg":"","chatId":0}