{"chatId":0,"position":{"y":6.4987030029296879,"x":-68.89444732666016,"z":-36.9560432434082},"orientation":{"y":-116.29000091552735,"x":0.10000000149011612,"z":0},"id":508808324}