{"chatId":0,"position":{"y":7.498870849609375,"x":-84.46027374267578,"z":-36.3493537902832},"orientation":{"y":-0.009999999776482582,"x":0.09000000357627869,"z":0},"id":508808324,"chatMsg":""}