{"id":508808324,"orientation":{"z":0,"x":0.23000000417232514,"y":0.009999999776482582},"position":{"z":-28.926212310791017,"x":-86.7435073852539,"y":7.465905666351318},"chatMsg":"/console","chatId":1}