{"chatId":3,"position":{"y":75.0256118774414,"x":-91.62967681884766,"z":-114.49909210205078},"orientation":{"y":-53.349998474121097,"x":-1.909999966621399,"z":0.6499999761581421},"id":508808324,"chatMsg":"esta wea tiene un segundo de retraso"}