{"Orientation":{"y":0.09000000357627869,"x":-0.17000000178813935,"z":0},"chatId":0,"position":{"y":7.497280120849609,"x":-85.75912475585938,"z":-27.912029266357423}}