{"id":508808324,"orientation":{"z":0,"x":-0.25,"y":-153.3300018310547},"position":{"z":63.6201286315918,"x":-36.87458419799805,"y":-140.9729766845703},"chatMsg":"","chatId":0}