{"chatId":0,"position":{"y":7.501026630401611,"x":-81.30499267578125,"z":-34.942047119140628},"orientation":{"y":-39.45000076293945,"x":-1.7300000190734864,"z":0.019999999552965165},"id":508808324,"chatMsg":""}