{"id":508808324,"orientation":{"z":0,"x":0.12999999523162843,"y":0.36000001430511477},"position":{"z":-28.925880432128908,"x":-86.74720764160156,"y":7.465720176696777},"chatMsg":"/console","chatId":1}