{"chatId":0,"position":{"y":6.500036716461182,"x":-75.53942108154297,"z":46.86892318725586},"orientation":{"y":145.75999450683595,"x":-1.7300000190734864,"z":0.019999999552965165},"id":508808324}