{"chatId":0,"position":{"y":6.501677513122559,"x":-115.78624725341797,"z":-10.549192428588868},"orientation":{"y":-3.4100000858306886,"x":-1.7300000190734864,"z":0},"id":508808324,"chatMsg":""}