{"chatId":0,"position":{"y":6.501783847808838,"x":-81.01439666748047,"z":-41.61233139038086},"orientation":{"y":-95.25,"x":-1.7300000190734864,"z":0.009999999776482582},"id":508808324}