{"chatId":0,"position":{"y":7.474900722503662,"x":-84.19051361083985,"z":-34.19174575805664},"orientation":{"y":-87.18000030517578,"x":0.41999998688697817,"z":0},"id":508808324}