{"chatId":0,"position":{"y":6.500455379486084,"x":-65.52293395996094,"z":-40.0251579284668},"orientation":{"y":-130.14999389648438,"x":-1.7300000190734864,"z":0.019999999552965165},"id":508808324}