{"chatId":0,"position":{"y":6.49997615814209,"x":-106.1263427734375,"z":-20.64862060546875},"orientation":{"y":-140.97000122070313,"x":-1.7300000190734864,"z":0.019999999552965165},"id":508808324,"chatMsg":""}