{"id":508808324,"orientation":{"z":0.28999999165534975,"x":-9.770000457763672,"y":47.93000030517578},"position":{"z":49.90068435668945,"x":-28.451940536499025,"y":-143.1744384765625},"chatMsg":"","chatId":0}