{"id":508808324,"orientation":{"z":0.009999999776482582,"x":-0.8600000143051148,"y":67.54000091552735},"position":{"z":-28.426074981689454,"x":-88.32103729248047,"y":7.340571403503418},"chatMsg":"/console","chatId":1}