{"chatId":0,"position":{"y":7.492425918579102,"x":-79.27074432373047,"z":-29.035734176635743},"orientation":{"y":0.1599999964237213,"x":-0.23999999463558198,"z":0},"id":508808324}