{"chatId":0,"position":{"y":6.470804214477539,"x":-88.50108337402344,"z":-40.51542663574219},"orientation":{"y":-13.109999656677246,"x":-0.12999999523162843,"z":0},"id":508808324,"chatMsg":""}