{"chatId":3,"position":{"y":6.464328289031982,"x":-96.71697235107422,"z":-105.57292938232422},"orientation":{"y":-154.33999633789063,"x":0.11999999731779099,"z":0},"id":508808324,"chatMsg":"esta wea tiene un segundo de retraso"}