{"chatId":0,"position":{"y":6.502086639404297,"x":-56.68841552734375,"z":-57.64293670654297},"orientation":{"y":96.4800033569336,"x":-1.7300000190734864,"z":0.009999999776482582},"id":508808324}