{"id":508808324,"orientation":{"z":0,"x":0.25,"y":-0.05000000074505806},"position":{"z":-28.92597770690918,"x":-86.7435073852539,"y":7.494198799133301},"chatMsg":"/console","chatId":1}