{"chatId":0,"position":{"y":7.500091552734375,"x":-86.92906188964844,"z":-30.422338485717775},"orientation":{"y":0,"x":0,"z":0},"id":508808324}