{"chatId":3,"position":{"y":6.5000762939453129,"x":-111.72044372558594,"z":-131.85748291015626},"orientation":{"y":78.51000213623047,"x":0,"z":0},"id":508808324,"chatMsg":"esta wea tiene un segundo de retraso"}