{"chatId":1,"position":{"y":6.983379364013672,"x":-84.25758361816406,"z":-4.2366156578063969},"orientation":{"y":16.950000762939454,"x":-0.17000000178813935,"z":0},"id":508808324,"chatMsg":"1"}