{"id":508808324,"orientation":{"z":0,"x":0.4399999976158142,"y":-0.10000000149011612},"position":{"z":-28.92435073852539,"x":-86.7435073852539,"y":7.480044841766357},"chatMsg":"/console","chatId":1}