{"chatId":0,"position":{"y":6.498481273651123,"x":-45.79787826538086,"z":-74.3400650024414},"orientation":{"y":-139.1699981689453,"x":0.4000000059604645,"z":0.009999999776482582},"id":508808324}