{"chatId":0,"position":{"y":12.497437477111817,"x":-59.03096008300781,"z":-42.63608169555664},"orientation":{"y":177.97000122070313,"x":3.75,"z":-0.3499999940395355},"id":508808324}