{"chatId":0,"position":{"y":6.468556880950928,"x":-67.9667739868164,"z":-35.25284194946289},"orientation":{"y":-97.0999984741211,"x":0.33000001311302187,"z":0},"id":508808324,"chatMsg":""}