{"id":508808324,"orientation":{"z":0,"x":0.1899999976158142,"y":-0.029999999329447748},"position":{"z":-28.926549911499025,"x":-86.7435073852539,"y":7.496860504150391},"chatMsg":"/console","chatId":1}