{"chatId":0,"position":{"y":6.4748854637146,"x":-44.799381256103519,"z":-45.98398971557617},"orientation":{"y":55.91999816894531,"x":0.41999998688697817,"z":0},"id":508808324}