{"chatId":1,"position":{"y":6.474522590637207,"x":-99.9638442993164,"z":-33.00569152832031},"orientation":{"y":47.36000061035156,"x":-0.2199999988079071,"z":0},"id":508808324,"chatMsg":"asd"}