{"chatId":0,"position":{"y":7.75125789642334,"x":-101.97771453857422,"z":-23.53938102722168},"orientation":{"y":70.68000030517578,"x":-0.6600000262260437,"z":0},"id":508808324,"chatMsg":""}