{"chatId":0,"position":{"y":6.466654300689697,"x":-105.93516540527344,"z":-28.289533615112306},"orientation":{"y":132.11000061035157,"x":0.009999999776482582,"z":0},"id":508808324}