{"id":508808324,"orientation":{"z":0,"x":-0.23999999463558198,"y":0.1599999964237213},"position":{"z":-28.93026351928711,"x":-86.7435073852539,"y":7.492424964904785},"chatMsg":"/console","chatId":1}