{"chatId":0,"position":{"y":6.502140045166016,"x":-107.17759704589844,"z":-26.914960861206056},"orientation":{"y":141.44000244140626,"x":-2.490000009536743,"z":-0.12999999523162843},"id":508808324}