{"chatId":0,"position":{"y":7.495388507843018,"x":-81.36076354980469,"z":-34.80963134765625},"orientation":{"y":162.50999450683595,"x":-1.7300000190734864,"z":0.019999999552965165},"id":508808324}