{"chatId":3,"position":{"y":7.500555515289307,"x":-80.31958770751953,"z":-30.005783081054689},"orientation":{"y":-33.779998779296878,"x":-1.7300000190734864,"z":-0.009999999776482582},"id":508808324,"chatMsg":"esta wea tiene un segundo de retraso"}