{"chatId":0,"position":{"y":6.501704692840576,"x":-96.87476348876953,"z":13.46618938446045},"orientation":{"y":24.489999771118165,"x":-1.7300000190734864,"z":0.019999999552965165},"id":508808324}