{"chatId":1,"position":{"y":6.49684476852417,"x":-83.29330444335938,"z":-11.239137649536133},"orientation":{"y":-38.7599983215332,"x":0.1899999976158142,"z":0},"id":508808324,"chatMsg":"hola"}