{"chatId":0,"position":{"y":6.502979278564453,"x":-66.41183471679688,"z":-65.90887451171875},"orientation":{"y":-26.200000762939454,"x":-1.7300000190734864,"z":0.009999999776482582},"id":508808324}