{"id":508808324,"orientation":{"z":0,"x":0,"y":-22.3700008392334},"position":{"z":48.340579986572269,"x":-41.938140869140628,"y":-142.943603515625},"chatMsg":"","chatId":0}