{"chatId":3,"position":{"y":56.218170166015628,"x":-97.77597045898438,"z":-107.4360122680664},"orientation":{"y":15.829999923706055,"x":2.049999952316284,"z":0.11999999731779099},"id":508808324,"chatMsg":"esta wea tiene un segundo de retraso"}