{"id":508808324,"orientation":{"z":0,"x":0.4300000071525574,"y":-0.10000000149011612},"position":{"z":-28.92439842224121,"x":-86.7435073852539,"y":7.477167129516602},"chatMsg":"/console","chatId":1}