{"chatId":0,"position":{"y":7.4657206535339359,"x":-87.48766326904297,"z":-30.86263656616211},"orientation":{"y":0.05999999865889549,"x":0.12999999523162843,"z":0},"id":508808324,"chatMsg":""}