{"id":508808324,"orientation":{"z":0,"x":-0.23000000417232514,"y":-22.15999984741211},"position":{"z":48.338748931884769,"x":-41.9373893737793,"y":-142.96839904785157},"chatMsg":"","chatId":0}