{"chatId":0,"position":{"y":6.503392696380615,"x":-93.38787841796875,"z":20.940956115722658},"orientation":{"y":25.989999771118165,"x":-1.7300000190734864,"z":0},"id":508808324}