{"chatId":3,"position":{"y":46.35386276245117,"x":-97.79277801513672,"z":-106.9618911743164},"orientation":{"y":33.75,"x":2.559999942779541,"z":0.05000000074505806},"id":508808324,"chatMsg":"esta wea tiene un segundo de retraso"}