{"chatId":0,"position":{"y":6.474862575531006,"x":-86.0633316040039,"z":-14.888729095458985},"orientation":{"y":-135.75999450683595,"x":-0.6299999952316284,"z":0.7300000190734863},"id":508808324}