{"id":508808324,"orientation":{"z":0,"x":0.4000000059604645,"y":-0.07000000029802323},"position":{"z":-28.924697875976564,"x":-86.7435073852539,"y":7.471699237823486},"chatMsg":"/console","chatId":1}