{"id":508808324,"orientation":{"z":0.5,"x":-9.770000457763672,"y":-178.52000427246095},"position":{"z":43.65955352783203,"x":-55.89588928222656,"y":-141.22955322265626},"chatMsg":"","chatId":0}