{"chatId":0,"position":{"y":6.500082015991211,"x":-93.82427215576172,"z":-47.42646026611328},"orientation":{"y":102.77999877929688,"x":-1.7300000190734864,"z":0.019999999552965165},"id":508808324}