{"chatId":0,"position":{"y":6.5000762939453129,"x":-88.50135040283203,"z":-40.51428985595703},"orientation":{"y":-13.279999732971192,"x":0,"z":0},"id":508808324,"chatMsg":""}