{"chatId":3,"position":{"y":12.967082023620606,"x":-120.8102035522461,"z":-20.217517852783204},"orientation":{"y":-88.12999725341797,"x":4.630000114440918,"z":-0.44999998807907107},"id":508808324,"chatMsg":"esta wea tiene un segundo de retraso"}