{"chatId":0,"position":{"y":6.49990701675415,"x":-100.26214599609375,"z":6.199989318847656},"orientation":{"y":23.700000762939454,"x":-1.7300000190734864,"z":0.019999999552965165},"id":508808324}