{"chatId":2,"position":{"y":6.990236282348633,"x":-125.84146118164063,"z":-15.548993110656739},"orientation":{"y":47.150001525878909,"x":-0.10999999940395355,"z":-0.07000000029802323},"id":508808324,"chatMsg":"yea"}