{"chatId":2,"position":{"y":13.88479995727539,"x":-101.48297119140625,"z":-27.14105987548828},"orientation":{"y":-177.3300018310547,"x":2.7200000286102297,"z":-0.03999999910593033},"id":508808324,"chatMsg":"yea"}