{"chatId":1,"position":{"y":6.471624851226807,"x":-83.29144287109375,"z":-11.241463661193848},"orientation":{"y":-38.54999923706055,"x":-0.1599999964237213,"z":0},"id":508808324,"chatMsg":"hola"}