{"id":508808324,"orientation":{"z":0,"x":-0.10000000149011612,"y":0.1599999964237213},"position":{"z":-28.92906379699707,"x":-86.7435073852539,"y":7.469585418701172},"chatMsg":"/console","chatId":1}