{"chatId":0,"position":{"y":7.499993801116943,"x":-87.48766326904297,"z":-30.86384391784668},"orientation":{"y":0.009999999776482582,"x":-0.009999999776482582,"z":0},"id":508808324,"chatMsg":""}