{"chatId":3,"position":{"y":6.503332138061523,"x":-85.1669692993164,"z":-129.09300231933595},"orientation":{"y":81.8499984741211,"x":-1.7300000190734864,"z":0},"id":508808324,"chatMsg":"esta wea tiene un segundo de retraso"}