{"chatId":3,"position":{"y":6.33540153503418,"x":-97.82357788085938,"z":-106.58674621582031},"orientation":{"y":-154.66000366210938,"x":-1.090000033378601,"z":0},"id":508808324,"chatMsg":"esta wea tiene un segundo de retraso"}