{"chatId":0,"position":{"y":7.494801044464111,"x":-88.16976928710938,"z":-31.73581314086914},"orientation":{"y":40.52000045776367,"x":-1.4500000476837159,"z":0.1599999964237213},"id":508808324,"chatMsg":""}