{"chatId":1,"position":{"y":6.499488830566406,"x":-54.5124397277832,"z":2.820726156234741},"orientation":{"y":-108.5199966430664,"x":-1.7300000190734864,"z":-0.009999999776482582},"id":508808324,"chatMsg":"hi"}