{"chatId":0,"position":{"y":30.358854293823243,"x":-102.21466827392578,"z":-23.573360443115236},"orientation":{"y":71.51000213623047,"x":-0.25999999046325686,"z":0},"id":508808324,"chatMsg":""}