{"chatId":3,"position":{"y":21.366941452026368,"x":-94.83558654785156,"z":-76.7622299194336},"orientation":{"y":4.630000114440918,"x":3.3499999046325685,"z":-0.029999999329447748},"id":508808324,"chatMsg":"esta wea tiene un segundo de retraso"}