{"chatId":1,"position":{"y":6.499660015106201,"x":-55.617122650146487,"z":6.456897735595703},"orientation":{"y":98.05000305175781,"x":-1.7300000190734864,"z":-0.009999999776482582},"id":508808324,"chatMsg":"hi"}