{"chatId":0,"position":{"y":6.498528480529785,"x":-105.94622802734375,"z":-28.280107498168947},"orientation":{"y":131.92999267578126,"x":-0.14000000059604646,"z":-0.009999999776482582},"id":508808324}