{"chatId":1,"position":{"y":6.5001349449157719,"x":-76.6542739868164,"z":-11.728972434997559},"orientation":{"y":147.07000732421876,"x":-1.7300000190734864,"z":0.019999999552965165},"id":508808324,"chatMsg":"hi"}