{"id":508808324,"orientation":{"z":0,"x":-13.399999618530274,"y":-174.85000610351563},"position":{"z":50.1656608581543,"x":-51.838706970214847,"y":-135.90252685546876},"chatMsg":"","chatId":0}