{"chatId":0,"position":{"y":6.499743461608887,"x":-106.49822998046875,"z":-27.804182052612306},"orientation":{"y":133.3800048828125,"x":-1.7699999809265137,"z":0.019999999552965165},"id":508808324}