{"chatId":0,"position":{"y":6.4879255294799809,"x":-88.50209045410156,"z":-40.511146545410159},"orientation":{"y":-13.369999885559082,"x":0.3700000047683716,"z":0},"id":508808324,"chatMsg":""}