{"chatId":0,"position":{"y":6.487051486968994,"x":-88.50212097167969,"z":-40.51103591918945},"orientation":{"y":-13.369999885559082,"x":0.3799999952316284,"z":0},"id":508808324,"chatMsg":""}