{"chatId":0,"position":{"y":6.501023292541504,"x":-65.62667846679688,"z":-38.55317687988281},"orientation":{"y":-167.7899932861328,"x":-1.7300000190734864,"z":0.019999999552965165},"id":508808324}