{"chatId":3,"position":{"y":49.060028076171878,"x":-97.76968383789063,"z":-107.14983367919922},"orientation":{"y":28.06999969482422,"x":3.4700000286102297,"z":-0.029999999329447748},"id":508808324,"chatMsg":"esta wea tiene un segundo de retraso"}