{"chatId":3,"position":{"y":6.4883832931518559,"x":-93.78694152832031,"z":-21.747272491455079},"orientation":{"y":-27.229999542236329,"x":-0.9800000190734863,"z":0},"id":508808324,"chatMsg":"esta wea tiene un segundo de retraso"}