{"id":508808324,"orientation":{"z":0,"x":0.2199999988079071,"y":-22.350000381469728},"position":{"z":48.34234619140625,"x":-41.938865661621097,"y":-142.97784423828126},"chatMsg":"","chatId":0}