{"chatId":0,"position":{"y":6.500058650970459,"x":-97.98734283447266,"z":-15.095481872558594},"orientation":{"y":-149.92999267578126,"x":-1.7300000190734864,"z":0.019999999552965165},"id":508808324,"chatMsg":""}