{"id":508808324,"orientation":{"z":0,"x":-1.7300000190734864,"y":-168.25999450683595},"position":{"z":-19.783477783203126,"x":-72.91006469726563,"y":6.503331184387207},"chatMsg":"/console","chatId":1}