{"chatId":0,"position":{"y":7.502052307128906,"x":-84.04893493652344,"z":-34.20026397705078},"orientation":{"y":-86.95999908447266,"x":-1.7300000190734864,"z":0.009999999776482582},"id":508808324}