{"chatId":0,"position":{"y":6.5018486976623539,"x":-78.341064453125,"z":-43.516971588134769},"orientation":{"y":51.369998931884769,"x":-1.7300000190734864,"z":0.009999999776482582},"id":508808324}