{"chatId":0,"position":{"y":6.499557018280029,"x":-48.1724853515625,"z":-42.878265380859378},"orientation":{"y":6.369999885559082,"x":-1.7300000190734864,"z":-0.009999999776482582},"id":508808324}