{"chatId":3,"position":{"y":32.28739547729492,"x":-85.65406036376953,"z":-119.42046356201172},"orientation":{"y":-53.810001373291019,"x":1.5,"z":0.1599999964237213},"id":508808324,"chatMsg":"esta wea tiene un segundo de retraso"}