{"id":508808324,"orientation":{"z":0,"x":0.23999999463558198,"y":-0.05000000074505806},"position":{"z":-28.926069259643556,"x":-86.7435073852539,"y":7.494690895080566},"chatMsg":"/console","chatId":1}