{"chatId":0,"position":{"y":6.502519130706787,"x":-113.22576141357422,"z":-21.100332260131837},"orientation":{"y":24.950000762939454,"x":-1.7300000190734864,"z":0.009999999776482582},"id":508808324}