{"chatId":0,"position":{"y":6.500960826873779,"x":-47.791316986083987,"z":-47.39924240112305},"orientation":{"y":18.389999389648439,"x":-1.7300000190734864,"z":0.019999999552965165},"id":508808324}