{"chatId":3,"position":{"y":6.902433395385742,"x":-112.56487274169922,"z":-132.10372924804688},"orientation":{"y":76.69999694824219,"x":-0.10999999940395355,"z":0},"id":508808324,"chatMsg":"esta wea tiene un segundo de retraso"}