{"id":508808324,"orientation":{"z":0,"x":0.3799999952316284,"y":-0.09000000357627869},"position":{"z":-28.92483139038086,"x":-86.7435073852539,"y":7.487068176269531},"chatMsg":"/console","chatId":1}