{"chatId":0,"position":{"y":7.487648963928223,"x":-80.39575958251953,"z":-31.360490798950197},"orientation":{"y":-0.09000000357627869,"x":0.3700000047683716,"z":0},"id":508808324}