{"chatId":0,"position":{"y":6.501888275146484,"x":-82.77916717529297,"z":-47.88262939453125},"orientation":{"y":-81.7300033569336,"x":-1.7300000190734864,"z":0.009999999776482582},"id":508808324}