{"chatId":3,"position":{"y":71.8716049194336,"x":-97.80953216552735,"z":-109.2470703125},"orientation":{"y":-43.20000076293945,"x":-1.1799999475479127,"z":0},"id":508808324,"chatMsg":"esta wea tiene un segundo de retraso"}