{"chatId":2,"position":{"y":6.9853835105896,"x":-125.01480102539063,"z":-14.167145729064942},"orientation":{"y":47.150001525878909,"x":-0.07999999821186066,"z":0},"id":508808324,"chatMsg":"yea"}