{"chatId":0,"position":{"y":6.501035213470459,"x":-95.61170959472656,"z":-0.2895873486995697},"orientation":{"y":-146.8000030517578,"x":-1.7300000190734864,"z":0},"id":508808324}