{"id":508808324,"orientation":{"z":0,"x":-1.7300000190734864,"y":-103.83999633789063},"position":{"z":-30.14476776123047,"x":-82.30711364746094,"y":7.335165023803711},"chatMsg":"/console","chatId":1}