{"chatId":0,"position":{"y":6.5000762939453129,"x":-65.19825744628906,"z":-41.969390869140628},"orientation":{"y":-99.0999984741211,"x":0,"z":0},"id":508808324}