{"chatId":0,"position":{"y":7.495460033416748,"x":-82.25650787353516,"z":-26.301488876342775},"orientation":{"y":-76.56999969482422,"x":-1.7300000190734864,"z":0.019999999552965165},"id":508808324}