{"chatId":0,"position":{"y":6.503382682800293,"x":-69.46881866455078,"z":-33.832984924316409},"orientation":{"y":-112.58000183105469,"x":-1.7300000190734864,"z":0},"id":508808324}