{"chatId":0,"position":{"y":6.503286361694336,"x":-50.559696197509769,"z":-86.87661743164063},"orientation":{"y":25.860000610351564,"x":-1.7300000190734864,"z":0},"id":508808324}