{"chatId":0,"position":{"y":6.459718704223633,"x":-83.53700256347656,"z":-11.987910270690918},"orientation":{"y":-135.8699951171875,"x":0.03999999910593033,"z":0.07999999821186066},"id":508808324}