{"id":508808324,"orientation":{"z":0,"x":0,"y":-170.00999450683595},"position":{"z":5.57625675201416,"x":-75.52458953857422,"y":6.5000762939453129},"chatMsg":"/console","chatId":1}