{"chatId":2,"position":{"y":6.988262176513672,"x":-126.30958557128906,"z":-16.334501266479493},"orientation":{"y":46.08000183105469,"x":0.15000000596046449,"z":-0.029999999329447748},"id":508808324,"chatMsg":"yea"}