{"id":508808324,"orientation":{"z":0,"x":-0.15000000596046449,"y":-22.290000915527345},"position":{"z":48.33934783935547,"x":-41.9376335144043,"y":-142.94586181640626},"chatMsg":"","chatId":0}