{"Orientation":{"y":0.20999999344348908,"x":-0.23999999463558198,"z":0},"chatId":0,"position":{"y":7.47604513168335,"x":-87.41149139404297,"z":-32.72327423095703}}