{"chatId":3,"position":{"y":6.4718146324157719,"x":-96.58413696289063,"z":-105.21317291259766},"orientation":{"y":-152.92999267578126,"x":0.4000000059604645,"z":0},"id":508808324,"chatMsg":"esta wea tiene un segundo de retraso"}