{"chatId":3,"position":{"y":15.128059387207032,"x":-86.24322509765625,"z":-32.535099029541019},"orientation":{"y":59.5099983215332,"x":4.619999885559082,"z":-0.44999998807907107},"id":508808324,"chatMsg":"esta wea tiene un segundo de retraso"}