{"id":508808324,"orientation":{"z":0,"x":0.33000001311302187,"y":-0.03999999910593033},"position":{"z":-28.925310134887697,"x":-86.7435073852539,"y":7.468573570251465},"chatMsg":"/console","chatId":1}