{"chatId":0,"position":{"y":9.026677131652832,"x":-90.3302230834961,"z":-28.674211502075197},"orientation":{"y":173.50999450683595,"x":-0.3199999928474426,"z":0.18000000715255738},"id":508808324,"chatMsg":""}