{"chatId":0,"position":{"y":6.465667724609375,"x":-88.50174713134766,"z":-40.51259231567383},"orientation":{"y":-13.260000228881836,"x":0.20000000298023225,"z":0},"id":508808324,"chatMsg":""}