{"id":508808324,"orientation":{"z":0,"x":0.3499999940395355,"y":-0.07999999821186066},"position":{"z":-28.925132751464845,"x":-86.7435073852539,"y":7.489399433135986},"chatMsg":"/console","chatId":1}