{"chatId":0,"position":{"y":6.499966621398926,"x":-85.01488494873047,"z":-46.9990234375},"orientation":{"y":58.2400016784668,"x":-1.7300000190734864,"z":0.019999999552965165},"id":508808324}