{"id":508808324,"orientation":{"z":0,"x":0.2199999988079071,"y":0.009999999776482582},"position":{"z":-28.926267623901368,"x":-86.7435073852539,"y":7.465849876403809},"chatMsg":"","chatId":0}