{"chatId":0,"position":{"y":6.499488830566406,"x":-63.76514434814453,"z":-53.22127914428711},"orientation":{"y":-48.29999923706055,"x":-1.7300000190734864,"z":-0.009999999776482582},"id":508808324}