{"chatId":3,"position":{"y":67.96692657470703,"x":-98.04850006103516,"z":-108.78287506103516},"orientation":{"y":-30.15999984741211,"x":0.5699999928474426,"z":0},"id":508808324,"chatMsg":"esta wea tiene un segundo de retraso"}