{"Orientation":{"y":0.2199999988079071,"x":-0.27000001072883608,"z":0},"chatId":0,"position":{"y":7.482325077056885,"x":-85.84115600585938,"z":-26.61802101135254}}