{"chatId":0,"position":{"y":6.484311580657959,"x":-93.56028747558594,"z":-53.036861419677737},"orientation":{"y":112.86000061035156,"x":0.4099999964237213,"z":0},"id":508808324}