{"chatId":0,"position":{"y":6.4836249351501469,"x":-84.38487243652344,"z":-12.963946342468262},"orientation":{"y":-135.49000549316407,"x":0.05999999865889549,"z":0},"id":508808324}