{"id":508808324,"orientation":{"z":0,"x":-1.7300000190734864,"y":117.7699966430664},"position":{"z":-30.403175354003908,"x":-96.7889633178711,"y":6.503248691558838},"chatMsg":"/console","chatId":1}