{"chatId":0,"position":{"y":7.473202705383301,"x":-78.7394790649414,"z":-29.229246139526368},"orientation":{"y":-0.07999999821186066,"x":0.41999998688697817,"z":0},"id":508808324,"chatMsg":""}