{"chatId":0,"position":{"y":6.500077247619629,"x":-81.17924499511719,"z":-41.723445892333987},"orientation":{"y":16.719999313354493,"x":-1.7300000190734864,"z":0.019999999552965165},"id":508808324}