{"id":508808324,"orientation":{"z":0,"x":0.20000000298023225,"y":-0.029999999329447748},"position":{"z":-28.926395416259767,"x":-86.7435073852539,"y":7.496336460113525},"chatMsg":"/console","chatId":1}