{"chatId":3,"position":{"y":12.449080467224121,"x":-88.93897247314453,"z":-41.360450744628909},"orientation":{"y":-9.9399995803833,"x":3.8399999141693117,"z":-0.30000001192092898},"id":508808324,"chatMsg":"esta wea tiene un segundo de retraso"}