{"chatId":0,"position":{"y":6.502879619598389,"x":-93.85992431640625,"z":-26.805051803588868},"orientation":{"y":-54.95000076293945,"x":-1.7300000190734864,"z":0},"id":508808324}