{"chatId":0,"position":{"y":6.49684476852417,"x":-65.19985961914063,"z":-41.96964645385742},"orientation":{"y":-99.12999725341797,"x":0.1899999976158142,"z":0},"id":508808324}