{"chatId":0,"position":{"y":6.4999494552612309,"x":-90.44454956054688,"z":28.37493324279785},"orientation":{"y":-166.88999938964845,"x":-1.7300000190734864,"z":0},"id":508808324}