{"chatId":0,"position":{"y":7.422272682189941,"x":-76.8890151977539,"z":-34.31098937988281},"orientation":{"y":-96.41000366210938,"x":-1.7300000190734864,"z":-0.009999999776482582},"id":508808324,"chatMsg":""}