{"chatId":2,"position":{"y":6.99440860748291,"x":-125.91498565673828,"z":-15.671875953674317},"orientation":{"y":47.56999969482422,"x":-0.49000000953674319,"z":-0.029999999329447748},"id":508808324,"chatMsg":"yea"}