{"id":508808324,"orientation":{"z":0,"x":-0.27000001072883608,"y":0.2199999988079071},"position":{"z":-28.93055534362793,"x":-86.7435073852539,"y":7.482321262359619},"chatMsg":"/console","chatId":1}