{"Orientation":{"y":-0.07999999821186066,"x":0.3499999940395355,"z":0},"chatId":0,"position":{"y":7.489106178283691,"x":-85.75912475585938,"z":-27.907501220703126}}