{"chatId":0,"position":{"y":6.499098777770996,"x":-88.50113677978516,"z":-40.51518630981445},"orientation":{"y":-13.229999542236329,"x":-0.10999999940395355,"z":0},"id":508808324,"chatMsg":""}