{"chatId":0,"position":{"y":6.496375560760498,"x":-73.66091918945313,"z":-35.308109283447269},"orientation":{"y":-84.93000030517578,"x":-1.7300000190734864,"z":0},"id":508808324,"chatMsg":""}