{"id":508808324,"orientation":{"z":0,"x":-0.25,"y":0.2199999988079071},"position":{"z":-28.93035316467285,"x":-86.7435073852539,"y":7.477935791015625},"chatMsg":"/console","chatId":1}