{"id":508808324,"orientation":{"z":0,"x":0.4399999976158142,"y":-0.10000000149011612},"position":{"z":-28.9243106842041,"x":-86.7435073852539,"y":7.47943115234375},"chatMsg":"/console","chatId":1}