{"id":508808324,"orientation":{"z":0,"x":0.3400000035762787,"y":-153.6199951171875},"position":{"z":63.61553192138672,"x":-36.876869201660159,"y":-140.96121215820313},"chatMsg":"","chatId":0}