{"chatId":2,"position":{"y":9.908493995666504,"x":-89.99810791015625,"z":-9.934548377990723},"orientation":{"y":-161.33999633789063,"x":-0.18000000715255738,"z":0.019999999552965165},"id":508808324,"chatMsg":"yea"}