{"chatId":1,"position":{"y":8.50399398803711,"x":-78.73151397705078,"z":-7.303128719329834},"orientation":{"y":149,"x":-0.9800000190734863,"z":0},"id":508808324,"chatMsg":"hola"}