{"id":508808324,"orientation":{"z":0,"x":-0.12999999523162843,"y":0.07000000029802323},"position":{"z":-28.929279327392579,"x":-86.7435073852539,"y":7.498917579650879},"chatMsg":"/console","chatId":1}