{"chatId":3,"position":{"y":6.501890659332275,"x":-108.54502868652344,"z":-131.34518432617188},"orientation":{"y":85.12000274658203,"x":-1.7300000190734864,"z":0.009999999776482582},"id":508808324,"chatMsg":"esta wea tiene un segundo de retraso"}