{"chatId":0,"position":{"y":6.500020980834961,"x":-93.30632019042969,"z":-22.518972396850587},"orientation":{"y":170.1300048828125,"x":-1.7300000190734864,"z":-0.009999999776482582},"id":508808324,"chatMsg":""}