{"id":508808324,"orientation":{"z":0,"x":0.4300000071525574,"y":-22.459999084472658},"position":{"z":48.34407043457031,"x":-41.939579010009769,"y":-142.96653747558595},"chatMsg":"","chatId":0}