{"chatId":0,"position":{"y":6.4879255294799809,"x":-63.89579391479492,"z":-69.53388977050781},"orientation":{"y":-43.91999816894531,"x":0.3700000047683716,"z":0},"id":508808324}