{"id":508808324,"orientation":{"z":0,"x":-0.7200000286102295,"y":-75.30000305175781},"position":{"z":-29.409364700317384,"x":-89.59561920166016,"y":9.09153938293457},"chatMsg":"/console","chatId":1}