{"chatId":0,"position":{"y":6.499488830566406,"x":-90.80461883544922,"z":-22.296592712402345},"orientation":{"y":-176.99000549316407,"x":-1.7300000190734864,"z":-0.009999999776482582},"id":508808324}