{"id":508808324,"orientation":{"z":0,"x":-0.15000000596046449,"y":-169.92999267578126},"position":{"z":5.57757043838501,"x":-75.52436065673828,"y":6.4978108406066898},"chatMsg":"/console","chatId":1}