{"chatId":0,"position":{"y":6.492160797119141,"x":-63.8921012878418,"z":-69.53773498535156},"orientation":{"y":-43.68000030517578,"x":-0.23999999463558198,"z":0},"id":508808324}