{"chatId":0,"position":{"y":7.499957084655762,"x":-86.92866516113281,"z":-30.428279876708986},"orientation":{"y":0.6200000047683716,"x":-0.5799999833106995,"z":0},"id":508808324}