{"chatId":0,"position":{"y":7.541388988494873,"x":-54.724159240722659,"z":-73.75352478027344},"orientation":{"y":-58.959999084472659,"x":-1.6299999952316285,"z":0.009999999776482582},"id":508808324}