{"chatId":2,"position":{"y":6.989356517791748,"x":-126.66210174560547,"z":-16.959293365478517},"orientation":{"y":46.16999816894531,"x":-1.6200000047683716,"z":-0.05999999865889549},"id":508808324,"chatMsg":"yea"}