{"id":508808324,"orientation":{"z":0,"x":0.33000001311302187,"y":-0.07000000029802323},"position":{"z":-28.925336837768556,"x":-86.7435073852539,"y":7.4907660484313969},"chatMsg":"/console","chatId":1}