{"id":508808324,"orientation":{"z":0,"x":-0.20999999344348908,"y":0.14000000059604646},"position":{"z":-28.930049896240236,"x":-86.7435073852539,"y":7.494043350219727},"chatMsg":"/console","chatId":1}