{"id":508808324,"orientation":{"z":0,"x":0.17000000178813935,"y":0.03999999910593033},"position":{"z":-28.926706314086915,"x":-86.7435073852539,"y":7.465404510498047},"chatMsg":"/console","chatId":1}