{"chatId":0,"position":{"y":7.500870704650879,"x":-86.02665710449219,"z":-34.85820007324219},"orientation":{"y":1.190000057220459,"x":-1.7300000190734864,"z":0},"id":508808324}