{"chatId":0,"position":{"y":7.255254745483398,"x":-84.84249114990235,"z":-37.49312973022461},"orientation":{"y":-55.18000030517578,"x":-1.7300000190734864,"z":0.019999999552965165},"id":508808324}