{"chatId":1,"position":{"y":10.847240447998047,"x":-74.98748779296875,"z":-3.428162097930908},"orientation":{"y":-124.8499984741211,"x":-1.9600000381469727,"z":0.6100000143051148},"id":508808324,"chatMsg":"hola"}