{"chatId":0,"position":{"y":7.501869201660156,"x":-87.51424407958985,"z":-30.95431137084961},"orientation":{"y":0.8399999737739563,"x":-1.7300000190734864,"z":0.009999999776482582},"id":508808324,"chatMsg":""}