{"chatId":3,"position":{"y":52.9525032043457,"x":-97.75942993164063,"z":-107.32572937011719},"orientation":{"y":20.270000457763673,"x":3.319999933242798,"z":-0.03999999910593033},"id":508808324,"chatMsg":"esta wea tiene un segundo de retraso"}