{"chatId":0,"position":{"y":6.4732666015625,"x":-69.23442077636719,"z":-25.71773910522461},"orientation":{"y":-144.17999267578126,"x":-0.20000000298023225,"z":0},"id":508808324,"chatMsg":""}