{"chatId":0,"position":{"y":6.501583576202393,"x":-77.83552551269531,"z":-42.998085021972659},"orientation":{"y":-26.90999984741211,"x":-1.7300000190734864,"z":0.009999999776482582},"id":508808324}