{"chatId":0,"position":{"y":6.500136852264404,"x":-89.89203643798828,"z":0.950859546661377},"orientation":{"y":-57.95000076293945,"x":-1.7300000190734864,"z":-0.009999999776482582},"id":508808324}