{"chatId":3,"position":{"y":22.522974014282228,"x":-96.85919952392578,"z":-105.81379699707031},"orientation":{"y":135.14999389648438,"x":-0.6800000071525574,"z":0},"id":508808324,"chatMsg":"esta wea tiene un segundo de retraso"}