{"chatId":0,"position":{"y":7.500407695770264,"x":-84.995849609375,"z":-28.5387020111084},"orientation":{"y":117.36000061035156,"x":-1.7300000190734864,"z":0},"id":508808324}