{"chatId":0,"position":{"y":6.482467174530029,"x":-98.04745483398438,"z":-18.16727638244629},"orientation":{"y":107.4000015258789,"x":-1.7300000190734864,"z":0.019999999552965165},"id":508808324}