{"chatId":0,"position":{"y":6.492410659790039,"x":-44.80417251586914,"z":-45.987220764160159},"orientation":{"y":56.16999816894531,"x":-0.23999999463558198,"z":0},"id":508808324}