{"chatId":0,"position":{"y":6.500030994415283,"x":-116.62635040283203,"z":-28.392501831054689},"orientation":{"y":23.75,"x":-1.7300000190734864,"z":0.019999999552965165},"id":508808324}