{"chatId":0,"position":{"y":7.471463203430176,"x":-80.39575958251953,"z":-31.360313415527345},"Orientation":{"y":-0.07000000029802323,"x":0.4000000059604645,"z":0},"id":508808324}