{"chatId":1,"position":{"y":6.468342304229736,"x":-71.47232818603516,"z":-2.8714373111724855},"orientation":{"y":60.70000076293945,"x":-0.07000000029802323,"z":0},"id":508808324,"chatMsg":"hi"}