{"chatId":0,"position":{"y":7.498754024505615,"x":-78.20332336425781,"z":-33.93400573730469},"orientation":{"y":23.469999313354493,"x":-1.7300000190734864,"z":0.019999999552965165},"id":508808324}