{"chatId":0,"position":{"y":7.500091552734375,"x":-82.88017272949219,"z":-34.14700698852539},"orientation":{"y":0,"x":0,"z":0},"id":508808324,"chatMsg":""}