{"chatId":0,"position":{"y":13.802146911621094,"x":-70.57122802734375,"z":-20.342235565185548},"orientation":{"y":-20.239999771118165,"x":2.4000000953674318,"z":-0.029999999329447748},"id":508808324}