{"chatId":0,"position":{"y":6.4863691329956059,"x":-93.6539535522461,"z":-52.976173400878909},"orientation":{"y":114.20999908447266,"x":0.25,"z":-0.05000000074505806},"id":508808324}