{"chatId":0,"position":{"y":6.4997782707214359,"x":-71.4375,"z":-33.4982795715332},"orientation":{"y":128.02000427246095,"x":-1.7300000190734864,"z":-0.009999999776482582},"id":508808324}