{"id":508808324,"orientation":{"z":0,"x":0.09000000357627869,"y":-22.3799991607666},"position":{"z":48.34132766723633,"x":-41.93844985961914,"y":-142.94482421875},"chatMsg":"","chatId":0}