{"id":508808324,"orientation":{"z":0,"x":0.4000000059604645,"y":-0.09000000357627869},"position":{"z":-28.924673080444337,"x":-86.7435073852539,"y":7.4849419593811039},"chatMsg":"/console","chatId":1}