{"chatId":0,"position":{"y":6.5027174949646,"x":-41.70749282836914,"z":-24.756742477416993},"orientation":{"y":-84.31999969482422,"x":-1.7300000190734864,"z":0.009999999776482582},"id":508808324}