{"chatId":0,"position":{"y":6.501778602600098,"x":-59.22236251831055,"z":-66.32963562011719},"orientation":{"y":-119.79000091552735,"x":-1.7300000190734864,"z":0},"id":508808324}