{"id":508808324,"orientation":{"z":0,"x":-0.14000000059604646,"y":0.07000000029802323},"position":{"z":-28.929393768310548,"x":-86.7435073852539,"y":7.4983720779418949},"chatMsg":"/console","chatId":1}