{"chatId":0,"position":{"y":6.499907970428467,"x":-75.03286743164063,"z":-22.034610748291017},"orientation":{"y":162.6199951171875,"x":-1.7300000190734864,"z":0.019999999552965165},"id":508808324,"chatMsg":""}