{"chatId":0,"position":{"y":6.503243446350098,"x":-78.99253845214844,"z":0.4140380620956421},"orientation":{"y":148.0500030517578,"x":-1.7300000190734864,"z":0},"id":508808324}