{"chatId":1,"position":{"y":13.783858299255371,"x":-59.47723388671875,"z":-33.50461959838867},"orientation":{"y":-108.55999755859375,"x":2.440000057220459,"z":0.009999999776482582},"id":508808324,"chatMsg":"hola"}