{"chatId":2,"position":{"y":6.490164756774902,"x":-123.5308837890625,"z":-11.925453186035157},"orientation":{"y":49.16999816894531,"x":-0.25,"z":0},"id":508808324,"chatMsg":"yea"}