{"chatId":0,"position":{"y":7.50178861618042,"x":-84.5190200805664,"z":-35.76679992675781},"orientation":{"y":100.0199966430664,"x":-1.7300000190734864,"z":0.009999999776482582},"id":508808324}