{"id":508808324,"orientation":{"z":0,"x":0.3700000047683716,"y":-0.05999999865889549},"position":{"z":-28.924942016601564,"x":-86.7435073852539,"y":7.469822406768799},"chatMsg":"/console","chatId":1}