{"chatId":0,"position":{"y":6.5000762939453129,"x":-79.63402557373047,"z":-48.37964630126953},"orientation":{"y":-83.4800033569336,"x":0,"z":0},"id":508808324}