{"chatId":3,"position":{"y":6.500855922698975,"x":-91.13198852539063,"z":-61.102542877197269},"orientation":{"y":8.710000038146973,"x":-1.7300000190734864,"z":0},"id":508808324,"chatMsg":"esta wea tiene un segundo de retraso"}