{"chatId":0,"position":{"y":6.5002665519714359,"x":-50.537261962890628,"z":-54.94417953491211},"orientation":{"y":18.84000015258789,"x":-1.7300000190734864,"z":0.019999999552965165},"id":508808324}