{"chatId":0,"position":{"y":6.501490116119385,"x":-79.75587463378906,"z":-14.601762771606446},"orientation":{"y":146.92999267578126,"x":-1.7300000190734864,"z":0.019999999552965165},"id":508808324,"chatMsg":""}