{"chatId":3,"position":{"y":6.502880096435547,"x":-97.95101165771485,"z":-100.4234619140625},"orientation":{"y":8.819999694824219,"x":-1.7300000190734864,"z":0},"id":508808324,"chatMsg":"esta wea tiene un segundo de retraso"}