{"id":508808324,"orientation":{"z":0,"x":0.05999999865889549,"y":-22.280000686645509},"position":{"z":48.341068267822269,"x":-41.9383430480957,"y":-142.97744750976563},"chatMsg":"","chatId":0}