{"chatId":0,"position":{"y":6.499669075012207,"x":-81.18732452392578,"z":-6.70030403137207},"orientation":{"y":-166.36000061035157,"x":-1.1200000047683716,"z":0},"id":508808324,"chatMsg":""}