{"id":508808324,"orientation":{"z":0,"x":0.3799999952316284,"y":-0.07000000029802323},"position":{"z":-28.924819946289064,"x":-86.7435073852539,"y":7.470760345458984},"chatMsg":"/console","chatId":1}