{"chatId":0,"position":{"y":6.447351455688477,"x":-83.04313659667969,"z":-11.29055118560791},"orientation":{"y":-135.13999938964845,"x":-0.36000001430511477,"z":-0.09000000357627869},"id":508808324}