{"chatId":0,"position":{"y":6.475275993347168,"x":-70.37284851074219,"z":-44.2121696472168},"orientation":{"y":-26.290000915527345,"x":-0.23000000417232514,"z":0},"id":508808324}