{"chatId":0,"position":{"y":6.4844970703125,"x":-88.50080871582031,"z":-40.5165901184082},"orientation":{"y":-13.069999694824219,"x":-0.27000001072883608,"z":0},"id":508808324,"chatMsg":""}