{"id":508808324,"orientation":{"z":0,"x":0.10999999940395355,"y":-22.299999237060548},"position":{"z":48.34150314331055,"x":-41.93852233886719,"y":-142.97787475585938},"chatMsg":"","chatId":0}