{"chatId":0,"position":{"y":7.501861572265625,"x":-78.44481658935547,"z":-34.67388153076172},"orientation":{"y":-1.7599999904632569,"x":-1.7300000190734864,"z":0.009999999776482582},"id":508808324}