{"id":508808324,"orientation":{"z":0,"x":0.4399999976158142,"y":-153.64999389648438},"position":{"z":63.61469650268555,"x":-36.87728500366211,"y":-140.9720458984375},"chatMsg":"","chatId":0}