{"chatId":0,"position":{"y":6.500171184539795,"x":-58.98006057739258,"z":-33.01789855957031},"orientation":{"y":-129.9199981689453,"x":-1.7300000190734864,"z":-0.009999999776482582},"id":508808324}