{"chatId":0,"position":{"y":7.50166654586792,"x":-80.39443969726563,"z":-31.380084991455079},"orientation":{"y":-0.4000000059604645,"x":-1.7300000190734864,"z":0.009999999776482582},"id":508808324}