{"chatId":0,"position":{"y":7.487358093261719,"x":-85.75912475585938,"z":-27.907276153564454},"orientation":{"y":-0.09000000357627869,"x":0.3799999952316284,"z":0},"id":508808324}