{"id":508808324,"orientation":{"z":0.2199999988079071,"x":-9.699999809265137,"y":61.349998474121097},"position":{"z":22.259658813476564,"x":-61.4935302734375,"y":-137.18948364257813},"chatMsg":"","chatId":0}