{"id":508808324,"orientation":{"z":0,"x":0.41999998688697817,"y":-22.459999084472658},"position":{"z":48.343990325927737,"x":-41.939544677734378,"y":-142.9687957763672},"chatMsg":"","chatId":0}