{"chatId":1,"position":{"y":6.499983787536621,"x":-84.40470886230469,"z":15.596445083618164},"orientation":{"y":-8.529999732971192,"x":-1.7300000190734864,"z":-0.009999999776482582},"id":508808324,"chatMsg":"hola"}