{"chatId":0,"position":{"y":6.503253936767578,"x":-71.79928588867188,"z":-41.170196533203128},"orientation":{"y":-58.900001525878909,"x":-1.7300000190734864,"z":0.009999999776482582},"id":508808324}