{"id":508808324,"orientation":{"z":0,"x":-0.14000000059604646,"y":0.18000000715255738},"position":{"z":-28.9294376373291,"x":-86.7435073852539,"y":7.471228122711182},"chatMsg":"/console","chatId":1}