{"id":508808324,"orientation":{"z":0,"x":0.38999998569488528,"y":-170.10000610351563},"position":{"z":5.572926998138428,"x":-75.52517700195313,"y":6.486760139465332},"chatMsg":"/console","chatId":1}