{"chatId":0,"position":{"y":7.496159553527832,"x":-77.61446380615235,"z":-32.0416259765625},"orientation":{"y":-0.03999999910593033,"x":0.20999999344348908,"z":0},"id":508808324,"chatMsg":""}