{"chatId":0,"position":{"y":6.385099411010742,"x":-85.43351745605469,"z":-14.13213062286377},"orientation":{"y":-136.33999633789063,"x":0.28999999165534975,"z":-0.5199999809265137},"id":508808324}