{"id":508808324,"orientation":{"z":1.0399999618530274,"x":-9.680000305175782,"y":49.34000015258789},"position":{"z":36.414974212646487,"x":-47.60148620605469,"y":-143.26522827148438},"chatMsg":"","chatId":0}