{"chatId":0,"position":{"y":7.495669364929199,"x":-77.94064331054688,"z":-27.240678787231447},"orientation":{"y":-0.03999999910593033,"x":0.2199999988079071,"z":0},"id":508808324,"chatMsg":""}