{"id":508808324,"orientation":{"z":0,"x":0.029999999329447748,"y":0},"position":{"z":-28.927873611450197,"x":-86.7435073852539,"y":7.499635219573975},"chatMsg":"/console","chatId":1}