{"chatId":0,"position":{"y":7.500091552734375,"x":-79.66682434082031,"z":-28.521930694580079},"orientation":{"y":-0.009999999776482582,"x":0,"z":0},"id":508808324}