{"chatId":0,"position":{"y":7.500091552734375,"x":-81.78836059570313,"z":-30.482887268066408},"orientation":{"y":0,"x":0,"z":0},"id":508808324,"chatMsg":""}