{"chatId":0,"position":{"y":6.466654300689697,"x":-70.81755065917969,"z":-43.473304748535159},"orientation":{"y":-74.4800033569336,"x":0.009999999776482582,"z":0},"id":508808324}