{"id":508808324,"orientation":{"z":0,"x":-0.17000000178813935,"y":-22.280000686645509},"position":{"z":48.33924102783203,"x":-41.93758773803711,"y":-142.9464111328125},"chatMsg":"","chatId":0}