{"id":508808324,"orientation":{"z":0,"x":-0.25999999046325686,"y":0.1899999976158142},"position":{"z":-28.93046760559082,"x":-86.7435073852539,"y":7.487244606018066},"chatMsg":"/console","chatId":1}