{"chatId":3,"position":{"y":18.412973403930665,"x":-96.82752227783203,"z":-105.6904296875},"orientation":{"y":139.75999450683595,"x":-1.1799999475479127,"z":0},"id":508808324,"chatMsg":"esta wea tiene un segundo de retraso"}