{"chatId":1,"position":{"y":8.257502555847168,"x":-69.99310302734375,"z":-21.84366798400879},"orientation":{"y":162.3699951171875,"x":-0.7200000286102295,"z":0},"id":508808324,"chatMsg":"hola"}