{"chatId":0,"position":{"y":6.463170528411865,"x":-85.23358154296875,"z":-13.949759483337403},"orientation":{"y":-135.8300018310547,"x":0.14000000059604646,"z":0},"id":508808324}