{"chatId":0,"position":{"y":6.501794338226318,"x":-61.86790084838867,"z":-33.06148147583008},"orientation":{"y":-160.4499969482422,"x":-1.7300000190734864,"z":0},"id":508808324}