{"id":508808324,"orientation":{"z":0,"x":-4.21999979019165,"y":-179.4600067138672},"position":{"z":24.49340057373047,"x":-61.44152069091797,"y":-126.79753112792969},"chatMsg":"","chatId":0}