{"chatId":0,"position":{"y":6.5004658699035648,"x":-72.5665283203125,"z":40.68836975097656},"orientation":{"y":10.670000076293946,"x":-1.7300000190734864,"z":0.019999999552965165},"id":508808324}