{"chatId":0,"position":{"y":6.499587059020996,"x":-76.79974365234375,"z":-14.492396354675293},"orientation":{"y":-159.82000732421876,"x":-1.7300000190734864,"z":0},"id":508808324}