{"chatId":1,"position":{"y":6.804934024810791,"x":-86.14470672607422,"z":-21.274120330810548},"orientation":{"y":-11.40999984741211,"x":-1.7300000190734864,"z":-0.009999999776482582},"id":508808324,"chatMsg":"1"}