{"id":508808324,"orientation":{"z":0,"x":0.18000000715255738,"y":-0.029999999329447748},"position":{"z":-28.92660140991211,"x":-86.7435073852539,"y":7.497036457061768},"chatMsg":"/console","chatId":1}