{"id":508808324,"orientation":{"z":0,"x":-0.019999999552965165,"y":-169.88999938964845},"position":{"z":5.576417446136475,"x":-75.5245590209961,"y":6.467216968536377},"chatMsg":"/console","chatId":1}