{"chatId":0,"position":{"y":6.501296043395996,"x":-95.14327239990235,"z":-51.480560302734378},"orientation":{"y":144.10000610351563,"x":-1.7200000286102296,"z":0.009999999776482582},"id":508808324}