{"chatId":0,"position":{"y":6.5028910636901859,"x":-69.51255798339844,"z":-20.123416900634767},"orientation":{"y":179.4199981689453,"x":-1.7300000190734864,"z":0.009999999776482582},"id":508808324,"chatMsg":""}