{"id":508808324,"orientation":{"z":0,"x":0.33000001311302187,"y":-22.40999984741211},"position":{"z":48.343231201171878,"x":-41.939231872558597,"y":-142.97512817382813},"chatMsg":"","chatId":0}