{"id":508808324,"orientation":{"z":0,"x":0.10999999940395355,"y":-44.93000030517578},"position":{"z":51.50149154663086,"x":-25.501094818115236,"y":-142.97787475585938},"chatMsg":"","chatId":0}