{"id":508808324,"orientation":{"z":0,"x":-0.20000000298023225,"y":0.11999999731779099},"position":{"z":-28.929889678955079,"x":-86.7435073852539,"y":7.4952545166015629},"chatMsg":"/console","chatId":1}