{"chatId":0,"position":{"y":7.502940654754639,"x":-84.55821228027344,"z":-35.0647087097168},"orientation":{"y":-24.3700008392334,"x":-1.7300000190734864,"z":0},"id":508808324}