{"chatId":3,"position":{"y":13.93679428100586,"x":-105.16177368164063,"z":-13.80452823638916},"orientation":{"y":-115.8499984741211,"x":1.8200000524520875,"z":0.11999999731779099},"id":508808324,"chatMsg":"esta wea tiene un segundo de retraso"}