{"chatId":1,"position":{"y":6.473924160003662,"x":-54.18222427368164,"z":-10.612683296203614},"orientation":{"y":-150.82000732421876,"x":0.28999999165534975,"z":0},"id":508808324,"chatMsg":"hola"}