{"chatId":0,"position":{"y":6.499685287475586,"x":-20.282804489135743,"z":-7.897285461425781},"orientation":{"y":-143.47999572753907,"x":-0.03999999910593033,"z":0},"id":508808324}