{"chatId":3,"position":{"y":6.502065658569336,"x":-92.48953247070313,"z":-71.42069244384766},"orientation":{"y":7.989999771118164,"x":-1.7300000190734864,"z":0.009999999776482582},"id":508808324,"chatMsg":"esta wea tiene un segundo de retraso"}