{"chatId":0,"position":{"y":7.502121448516846,"x":-84.43363189697266,"z":-36.33035659790039},"orientation":{"y":-4.03000020980835,"x":-1.7300000190734864,"z":0.009999999776482582},"id":508808324,"chatMsg":""}