{"chatId":3,"position":{"y":6.465456008911133,"x":-97.02508544921875,"z":-106.206298828125},"orientation":{"y":-153.47999572753907,"x":-0.07000000029802323,"z":0},"id":508808324,"chatMsg":"esta wea tiene un segundo de retraso"}