{"chatId":0,"position":{"y":6.503302574157715,"x":-70.94683074951172,"z":48.28742218017578},"orientation":{"y":-8.609999656677246,"x":-1.7300000190734864,"z":0},"id":508808324}