{"chatId":1,"position":{"y":6.501585960388184,"x":-93.05712127685547,"z":-36.48621368408203},"orientation":{"y":99.13999938964844,"x":-1.7300000190734864,"z":0.019999999552965165},"id":508808324,"chatMsg":"hi"}