{"chatId":0,"position":{"y":6.466057300567627,"x":-88.50183868408203,"z":-40.5122184753418},"orientation":{"y":-13.279999732971192,"x":0.23999999463558198,"z":0},"id":508808324,"chatMsg":""}