{"id":508808324,"orientation":{"z":0,"x":-0.25999999046325686,"y":0.20000000298023225},"position":{"z":-28.93048095703125,"x":-86.7435073852539,"y":7.486696720123291},"chatMsg":"/console","chatId":1}