{"chatId":0,"position":{"y":6.4902567863464359,"x":-87.32952117919922,"z":-16.279720306396486},"orientation":{"y":-136.69000244140626,"x":0.3400000035762787,"z":0},"id":508808324}