{"id":508808324,"orientation":{"z":0,"x":-0.2199999988079071,"y":0.14000000059604646},"position":{"z":-28.930103302001954,"x":-86.7435073852539,"y":7.493636131286621},"chatMsg":"/console","chatId":1}