{"id":508808324,"orientation":{"z":0,"x":-1.7300000190734864,"y":-169.22000122070313},"position":{"z":1.4409290552139283,"x":-76.25313568115235,"y":6.501538276672363},"chatMsg":"/console","chatId":1}