{"chatId":0,"position":{"y":7.500010013580322,"x":-86.58422088623047,"z":-32.855712890625},"orientation":{"y":-0.05999999865889549,"x":-0.009999999776482582,"z":0},"id":508808324}