{"chatId":1,"position":{"y":6.489665508270264,"x":-76.03401947021485,"z":-13.25452709197998},"orientation":{"y":133.8300018310547,"x":-0.25,"z":0},"id":508808324,"chatMsg":"hi"}