{"chatId":0,"position":{"y":6.501469135284424,"x":-97.8241195678711,"z":-7.782889366149902},"orientation":{"y":169.75999450683595,"x":-1.7300000190734864,"z":0.019999999552965165},"id":508808324,"chatMsg":""}