{"chatId":0,"position":{"y":6.503179550170898,"x":-43.759857177734378,"z":-47.346885681152347},"orientation":{"y":-149.02000427246095,"x":-1.7300000190734864,"z":0.009999999776482582},"id":508808324}