{"chatId":0,"position":{"y":6.501745223999023,"x":-70.32049560546875,"z":-12.929727554321289},"orientation":{"y":172.4199981689453,"x":-1.7300000190734864,"z":0},"id":508808324}