{"chatId":1,"position":{"y":6.905106067657471,"x":-93.33927917480469,"z":-27.86527442932129},"orientation":{"y":77.81999969482422,"x":0.4000000059604645,"z":0},"id":508808324,"chatMsg":"asd"}