{"chatId":0,"position":{"y":6.412271022796631,"x":-86.84767150878906,"z":-15.698196411132813},"orientation":{"y":-135.77000427246095,"x":0.6100000143051148,"z":-1.340000033378601},"id":508808324}