{"id":508808324,"orientation":{"z":0,"x":-0.10999999940395355,"y":-44.83000183105469},"position":{"z":51.500091552734378,"x":-25.49969482421875,"y":-142.97369384765626},"chatMsg":"","chatId":0}