{"chatId":3,"position":{"y":10.42333984375,"x":-96.89897155761719,"z":-92.44233703613281},"orientation":{"y":5.150000095367432,"x":2.7799999713897707,"z":-0.17000000178813935},"id":508808324,"chatMsg":"esta wea tiene un segundo de retraso"}