{"chatId":0,"position":{"y":7.2931904792785648,"x":-77.128173828125,"z":-29.616783142089845},"orientation":{"y":119.94999694824219,"x":0.25,"z":0},"id":508808324}