{"id":508808324,"orientation":{"z":0,"x":-0.2800000011920929,"y":0.2199999988079071},"position":{"z":-28.930580139160158,"x":-86.7435073852539,"y":7.482872009277344},"chatMsg":"/console","chatId":1}