{"id":508808324,"orientation":{"z":0,"x":-0.23000000417232514,"y":-44.790000915527347},"position":{"z":51.499385833740237,"x":-25.498991012573243,"y":-142.96839904785157},"chatMsg":"","chatId":0}