{"chatId":0,"position":{"y":7.494447708129883,"x":-77.94393157958985,"z":-27.24237823486328},"orientation":{"y":0.3400000035762787,"x":-0.20999999344348908,"z":0},"id":508808324,"chatMsg":""}