{"chatId":0,"position":{"y":6.822216987609863,"x":-77.72124481201172,"z":-37.9668083190918},"orientation":{"y":6.110000133514404,"x":-1.7300000190734864,"z":0.009999999776482582},"id":508808324}