{"chatId":0,"position":{"y":6.467357635498047,"x":-105.93537139892578,"z":-28.28934669494629},"orientation":{"y":132.1300048828125,"x":-0.029999999329447748,"z":0},"id":508808324}