{"id":508808324,"orientation":{"z":-0.03999999910593033,"x":-15.869999885559082,"y":-179.22999572753907},"position":{"z":61.319740295410159,"x":-39.1054801940918,"y":-143.0841064453125},"chatMsg":"","chatId":0}