{"chatId":0,"position":{"y":6.499423027038574,"x":-123.65003967285156,"z":-44.081817626953128},"orientation":{"y":19.40999984741211,"x":0.029999999329447748,"z":0},"id":508808324}