{"chatId":3,"position":{"y":12.768362998962403,"x":-98.54310607910156,"z":-107.14122009277344},"orientation":{"y":-149.39999389648438,"x":3.619999885559082,"z":0},"id":508808324,"chatMsg":"esta wea tiene un segundo de retraso"}