{"id":508808324,"orientation":{"z":0,"x":0,"y":0},"position":{"z":-28.92817497253418,"x":-86.7435073852539,"y":7.500091552734375},"chatMsg":"/console","chatId":1}