{"chatId":0,"position":{"y":7.483102798461914,"x":-79.66722869873047,"z":-28.46946907043457},"orientation":{"y":-0.10000000149011612,"x":0.41999998688697817,"z":0},"id":508808324}