{"chatId":0,"position":{"y":6.501687526702881,"x":-92.74706268310547,"z":-27.31820297241211},"orientation":{"y":-52.439998626708987,"x":-1.7300000190734864,"z":0},"id":508808324,"chatMsg":""}