{"id":508808324,"orientation":{"z":0,"x":0.12999999523162843,"y":-44.939998626708987},"position":{"z":51.5015754699707,"x":-25.501178741455079,"y":-142.97796630859376},"chatMsg":"","chatId":0}