{"id":508808324,"orientation":{"z":0,"x":-0.20999999344348908,"y":0.20999999344348908},"position":{"z":-28.930028915405275,"x":-86.7435073852539,"y":7.47428560256958},"chatMsg":"/console","chatId":1}