{"chatId":0,"position":{"y":7.382249355316162,"x":-78.96153259277344,"z":-35.87355041503906},"orientation":{"y":-178.05999755859376,"x":-1.7300000190734864,"z":0},"id":508808324}