{"chatId":0,"position":{"y":6.486683368682861,"x":-63.8919563293457,"z":-69.53787994384766},"orientation":{"y":-43.63999938964844,"x":-0.25999999046325686,"z":0},"id":508808324}