{"chatId":0,"position":{"y":6.5018630027771,"x":-77.70806121826172,"z":24.226043701171876},"orientation":{"y":-38.08000183105469,"x":-1.7300000190734864,"z":0.009999999776482582},"id":508808324}