{"chatId":0,"position":{"y":6.5016255378723148,"x":-79.47000122070313,"z":52.93024444580078},"orientation":{"y":147.97999572753907,"x":-1.7300000190734864,"z":0},"id":508808324}