{"id":508808324,"orientation":{"z":0,"x":0.3700000047683716,"y":-22.43000030517578},"position":{"z":48.343570709228519,"x":-41.93937301635742,"y":-142.973876953125},"chatMsg":"","chatId":0}