{"chatId":0,"position":{"y":6.498817443847656,"x":-53.41099166870117,"z":-80.25091552734375},"orientation":{"y":-125.51000213623047,"x":-1.7300000190734864,"z":0.019999999552965165},"id":508808324}