{"id":508808324,"orientation":{"z":0,"x":0.28999999165534975,"y":-22.389999389648439},"position":{"z":48.34288787841797,"x":-41.939090728759769,"y":-142.9763641357422},"chatMsg":"","chatId":0}