{"chatId":1,"position":{"y":7.399208068847656,"x":-86.64830780029297,"z":-12.058101654052735},"orientation":{"y":17.030000686645509,"x":-0.9800000190734863,"z":0},"id":508808324,"chatMsg":"1"}