{"chatId":3,"position":{"y":13.157486915588379,"x":-96.78269958496094,"z":-105.45814514160156},"orientation":{"y":127.37999725341797,"x":-0.6499999761581421,"z":0},"id":508808324,"chatMsg":"esta wea tiene un segundo de retraso"}