{"id":508808324,"orientation":{"z":0,"x":0.4000000059604645,"y":-0.07999999821186066},"position":{"z":-28.924667358398439,"x":-86.7435073852539,"y":7.471933364868164},"chatMsg":"/console","chatId":1}