{"chatId":0,"position":{"y":6.493310928344727,"x":-63.88914108276367,"z":-69.54097747802735},"orientation":{"y":-43.06999969482422,"x":-0.7400000095367432,"z":0},"id":508808324}