{"chatId":0,"position":{"y":7.491177558898926,"x":-87.48766326904297,"z":-30.865901947021486},"orientation":{"y":0.17000000178813935,"x":-0.25,"z":0},"id":508808324,"chatMsg":""}