{"chatId":0,"position":{"y":6.900473594665527,"x":-78.63792419433594,"z":-48.49292755126953},"orientation":{"y":-83.44999694824219,"x":0,"z":0},"id":508808324}