{"chatId":0,"position":{"y":6.48492431640625,"x":-88.50215148925781,"z":-40.51088333129883},"orientation":{"y":-13.380000114440918,"x":0.4000000059604645,"z":0},"id":508808324,"chatMsg":""}