{"chatId":0,"position":{"y":6.502054691314697,"x":-63.988651275634769,"z":-38.261993408203128},"orientation":{"y":-160.2100067138672,"x":-1.7300000190734864,"z":0.009999999776482582},"id":508808324}