{"id":508808324,"orientation":{"z":0,"x":0.41999998688697817,"y":-0.07999999821186066},"position":{"z":-28.92455291748047,"x":-86.7435073852539,"y":7.473205089569092},"chatMsg":"/console","chatId":1}