{"chatId":2,"position":{"y":6.962482452392578,"x":-124.40726470947266,"z":-13.177916526794434},"orientation":{"y":48.02000045776367,"x":-0.12999999523162843,"z":0.05999999865889549},"id":508808324,"chatMsg":"yea"}