{"chatId":1,"position":{"y":9.962556838989258,"x":-87.12413787841797,"z":30.257179260253908},"orientation":{"y":-27.829999923706056,"x":1.3300000429153443,"z":0},"id":508808324,"chatMsg":"hola"}