{"chatId":1,"position":{"y":6.869590759277344,"x":-101.68378448486328,"z":-30.569568634033204},"orientation":{"y":142.55999755859376,"x":0.38999998569488528,"z":0},"id":508808324,"chatMsg":"hi"}