{"id":508808324,"orientation":{"z":0,"x":0.3400000035762787,"y":-22.440000534057618},"position":{"z":48.34328842163086,"x":-41.93925476074219,"y":-142.95343017578126},"chatMsg":"","chatId":0}