{"chatId":1,"position":{"y":6.475113391876221,"x":-86.54646301269531,"z":-6.318392276763916},"orientation":{"y":-38.560001373291019,"x":-1.7300000190734864,"z":0.009999999776482582},"id":508808324,"chatMsg":"hola"}