{"id":508808324,"orientation":{"z":0,"x":-16.540000915527345,"y":-166.02999877929688},"position":{"z":19.973766326904298,"x":-55.667423248291019,"y":-130.779296875},"chatMsg":"","chatId":0}