{"chatId":0,"position":{"y":7.487791538238525,"x":-83.99737548828125,"z":-27.541759490966798},"Orientation":{"y":0.1899999976158142,"x":-0.25999999046325686,"z":0},"id":508808324}