{"chatId":0,"position":{"y":6.453120231628418,"x":-84.02552032470703,"z":-12.525075912475586},"orientation":{"y":-134.72000122070313,"x":-0.8999999761581421,"z":-0.10999999940395355},"id":508808324}