{"chatId":0,"position":{"y":7.4843268394470219,"x":-86.02670288085938,"z":-34.836830139160159},"orientation":{"y":-0.09000000357627869,"x":0.4099999964237213,"z":0},"id":508808324}