{"chatId":3,"position":{"y":60.37205505371094,"x":-97.8367919921875,"z":-107.8404312133789},"orientation":{"y":1.8700000047683716,"x":2.7699999809265138,"z":0},"id":508808324,"chatMsg":"esta wea tiene un segundo de retraso"}