{"id":508808324,"orientation":{"z":0,"x":0.41999998688697817,"y":-0.09000000357627869},"position":{"z":-28.92448616027832,"x":-86.7435073852539,"y":7.47490119934082},"chatMsg":"/console","chatId":1}