{"id":508808324,"orientation":{"z":0,"x":0.20999999344348908,"y":-0.03999999910593033},"position":{"z":-28.926342010498048,"x":-86.7435073852539,"y":7.496160507202148},"chatMsg":"/console","chatId":1}