{"id":508808324,"orientation":{"z":0.019999999552965165,"x":-1.7300000190734864,"y":150.86000061035157},"position":{"z":-14.20181655883789,"x":-74.35990142822266,"y":6.501032829284668},"chatMsg":"/console","chatId":1}