{"chatId":0,"position":{"y":7.498888969421387,"x":-84.95740509033203,"z":-33.65359878540039},"orientation":{"y":20.079999923706056,"x":-1.7300000190734864,"z":0.019999999552965165},"id":508808324}