{"chatId":0,"position":{"y":6.486759662628174,"x":-88.50212860107422,"z":-40.5109977722168},"orientation":{"y":-13.369999885559082,"x":0.38999998569488528,"z":0},"id":508808324,"chatMsg":""}