{"chatId":0,"position":{"y":7.490429401397705,"x":-84.18464660644531,"z":-34.192039489746097},"orientation":{"y":-86.91999816894531,"x":-0.25,"z":0},"id":508808324}