{"id":508808324,"orientation":{"z":0,"x":-0.27000001072883608,"y":66.7300033569336},"position":{"z":46.95290756225586,"x":-39.93245315551758,"y":-142.95863342285157},"chatMsg":"","chatId":0}