{"id":508808324,"orientation":{"z":0,"x":0.41999998688697817,"y":-45.099998474121097},"position":{"z":51.5034065246582,"x":-25.503007888793947,"y":-142.96182250976563},"chatMsg":"","chatId":0}