{"chatId":0,"position":{"y":6.447101593017578,"x":-84.23797607421875,"z":-12.748466491699219},"orientation":{"y":-135.9600067138672,"x":0.05000000074505806,"z":-0.10000000149011612},"id":508808324}