{"chatId":1,"position":{"y":6.502082824707031,"x":-58.90123748779297,"z":-2.494152069091797},"orientation":{"y":127.48999786376953,"x":-1.7300000190734864,"z":0.009999999776482582},"id":508808324,"chatMsg":"hola"}