{"id":508808324,"orientation":{"z":0,"x":-0.25999999046325686,"y":0.18000000715255738},"position":{"z":-28.930423736572267,"x":-86.7435073852539,"y":7.4888811111450199},"chatMsg":"/console","chatId":1}