{"id":508808324,"orientation":{"z":0,"x":0.4099999964237213,"y":-170.11000061035157},"position":{"z":5.572768211364746,"x":-75.52520751953125,"y":6.484311580657959},"chatMsg":"/console","chatId":1}