{"chatId":0,"position":{"y":6.497264862060547,"x":-88.50101470947266,"z":-40.51569747924805},"orientation":{"y":-13.1899995803833,"x":-0.17000000178813935,"z":0},"id":508808324,"chatMsg":""}