{"chatId":0,"position":{"y":6.5009894371032719,"x":-77.52295684814453,"z":35.44928741455078},"orientation":{"y":46.33000183105469,"x":-1.7300000190734864,"z":0.019999999552965165},"id":508808324}