{"chatId":0,"position":{"y":6.486683368682861,"x":-88.50081634521485,"z":-40.51653289794922},"orientation":{"y":-13.09000015258789,"x":-0.25999999046325686,"z":0},"id":508808324,"chatMsg":""}