{"chatId":2,"position":{"y":6.475184917449951,"x":-111.6645278930664,"z":-5.120612144470215},"orientation":{"y":77.19000244140625,"x":-1.7300000190734864,"z":0.019999999552965165},"id":508808324,"chatMsg":"yea"}