{"chatId":1,"position":{"y":11.584567070007325,"x":-64.53670501708985,"z":3.021690607070923},"orientation":{"y":66.77999877929688,"x":1.2300000190734864,"z":-0.05999999865889549},"id":508808324,"chatMsg":"hi"}