{"id":508808324,"orientation":{"z":0,"x":0.3499999940395355,"y":-22.450000762939454},"position":{"z":48.34342956542969,"x":-41.93931198120117,"y":-142.95458984375},"chatMsg":"","chatId":0}