{"chatId":0,"position":{"y":6.499577522277832,"x":-62.49802017211914,"z":-52.11874771118164},"orientation":{"y":137.22999572753907,"x":-1.7300000190734864,"z":0},"id":508808324}