{"chatId":3,"position":{"y":59.495670318603519,"x":-97.8958969116211,"z":-108.10850524902344},"orientation":{"y":-7.110000133514404,"x":0.5699999928474426,"z":0},"id":508808324,"chatMsg":"esta wea tiene un segundo de retraso"}