{"chatId":0,"position":{"y":7.471640110015869,"x":-77.61446380615235,"z":-32.0448112487793},"orientation":{"y":0.18000000715255738,"x":-0.1599999964237213,"z":0},"id":508808324,"chatMsg":""}