{"chatId":3,"position":{"y":6.880037307739258,"x":-127.22157287597656,"z":-18.813745498657228},"orientation":{"y":10.920000076293946,"x":-1.2699999809265137,"z":0.38999998569488528},"id":508808324,"chatMsg":"esta wea tiene un segundo de retraso"}