{"chatId":0,"position":{"y":6.479244709014893,"x":-86.80911254882813,"z":-39.10239028930664},"orientation":{"y":14.529999732971192,"x":-1.7300000190734864,"z":-0.009999999776482582},"id":508808324}