{"id":508808324,"orientation":{"z":0,"x":-0.14000000059604646,"y":0.18000000715255738},"position":{"z":-28.92943572998047,"x":-86.7435073852539,"y":7.471227645874023},"chatMsg":"/console","chatId":1}