{"chatId":0,"position":{"y":6.499924659729004,"x":-73.15919494628906,"z":-45.59353256225586},"orientation":{"y":89.22000122070313,"x":-1.7300000190734864,"z":-0.009999999776482582},"id":508808324}