{"id":508808324,"orientation":{"z":0,"x":-0.17000000178813935,"y":-153.4600067138672},"position":{"z":63.61945343017578,"x":-36.87491989135742,"y":-140.95419311523438},"chatMsg":"","chatId":0}