{"id":508808324,"orientation":{"z":0,"x":-0.20999999344348908,"y":0.20000000298023225},"position":{"z":-28.929996490478517,"x":-86.7435073852539,"y":7.474033355712891},"chatMsg":"/console","chatId":1}