{"chatId":0,"position":{"y":6.47527551651001,"x":-86.66149139404297,"z":-15.556766510009766},"orientation":{"y":-136.02999877929688,"x":-0.23999999463558198,"z":0},"id":508808324}