{"Orientation":{"y":0.07000000029802323,"x":-0.12999999523162843,"z":0},"chatId":0,"position":{"y":7.498918056488037,"x":-81.4817123413086,"z":-30.429302215576173}}