{"id":508808324,"orientation":{"z":0.5699999928474426,"x":-9.279999732971192,"y":49},"position":{"z":58.02901077270508,"x":-42.55417251586914,"y":-143.37200927734376},"chatMsg":"","chatId":0}