{"chatId":1,"position":{"y":6.494028568267822,"x":-54.22256088256836,"z":-10.691889762878418},"orientation":{"y":-150.3699951171875,"x":-0.20999999344348908,"z":0},"id":508808324,"chatMsg":"hola"}