{"chatId":0,"position":{"y":6.250979900360107,"x":-86.0318832397461,"z":-14.62448787689209},"orientation":{"y":-135.77000427246095,"x":0.4099999964237213,"z":-4.130000114440918},"id":508808324}