{"chatId":0,"position":{"y":6.501219749450684,"x":-72.25587463378906,"z":-44.49336624145508},"orientation":{"y":-78.44999694824219,"x":-1.7300000190734864,"z":0},"id":508808324}