{"chatId":0,"position":{"y":6.5017218589782719,"x":-92.00782775878906,"z":20.80060386657715},"orientation":{"y":152.47000122070313,"x":-1.7300000190734864,"z":0.009999999776482582},"id":508808324}