{"chatId":0,"position":{"y":6.500975608825684,"x":-106.51203918457031,"z":-18.630149841308595},"orientation":{"y":-47.790000915527347,"x":-1.7300000190734864,"z":0},"id":508808324,"chatMsg":""}