{"chatId":0,"position":{"y":6.2712178230285648,"x":-86.45582580566406,"z":-15.100541114807129},"orientation":{"y":-136.1199951171875,"x":0.7200000286102295,"z":-3.9000000953674318},"id":508808324}