{"id":508808324,"orientation":{"z":0,"x":0.3400000035762787,"y":-0.03999999910593033},"position":{"z":-28.925216674804689,"x":-86.7435073852539,"y":7.468885898590088},"chatMsg":"/console","chatId":1}