{"id":508808324,"orientation":{"z":0,"x":0.14000000059604646,"y":-22.389999389648439},"position":{"z":48.34170150756836,"x":-41.938602447509769,"y":-142.9454345703125},"chatMsg":"","chatId":0}