{"chatId":0,"position":{"y":6.492410659790039,"x":-62.72719955444336,"z":-29.235767364501954},"orientation":{"y":161.80999755859376,"x":-0.23999999463558198,"z":0},"id":508808324}