{"chatId":0,"position":{"y":6.750601768493652,"x":-61.6034049987793,"z":-69.7823715209961},"orientation":{"y":-60,"x":-0.7200000286102295,"z":0},"id":508808324}