{"id":508808324,"orientation":{"z":0.9100000262260437,"x":-9.279999732971192,"y":-178.42999267578126},"position":{"z":34.78950881958008,"x":-56.141292572021487,"y":-141.23605346679688},"chatMsg":"","chatId":0}