{"chatId":0,"position":{"y":6.500766277313232,"x":-89.49614715576172,"z":-33.913055419921878},"orientation":{"y":-89.9000015258789,"x":-1.7300000190734864,"z":0.019999999552965165},"id":508808324}