{"chatId":0,"position":{"y":6.501302242279053,"x":-69.82707977294922,"z":-25.245952606201173},"orientation":{"y":15.199999809265137,"x":-1.7300000190734864,"z":0.019999999552965165},"id":508808324}