{"chatId":0,"position":{"y":12.96674919128418,"x":-98.70182800292969,"z":-45.04765319824219},"orientation":{"y":-82.0199966430664,"x":3.619999885559082,"z":0},"id":508808324}