{"chatId":0,"position":{"y":6.502810478210449,"x":-24.093406677246095,"z":-13.959794044494629},"orientation":{"y":-149.3300018310547,"x":-1.7300000190734864,"z":0.009999999776482582},"id":508808324}