{"chatId":0,"position":{"y":6.499592304229736,"x":-47.605308532714847,"z":-53.87637710571289},"orientation":{"y":-146.85000610351563,"x":-1.7300000190734864,"z":-0.009999999776482582},"id":508808324}