{"chatId":1,"position":{"y":6.5000762939453129,"x":-101.19685363769531,"z":-31.15086555480957},"orientation":{"y":143.97000122070313,"x":0,"z":0},"id":508808324,"chatMsg":"hi"}