{"id":508808324,"orientation":{"z":0,"x":-0.25,"y":0.18000000715255738},"position":{"z":-28.930374145507814,"x":-86.7435073852539,"y":7.490178108215332},"chatMsg":"/console","chatId":1}