{"chatId":0,"position":{"y":6.494182109832764,"x":-65.19400787353516,"z":-41.96816635131836},"orientation":{"y":-99.16000366210938,"x":0.25,"z":0},"id":508808324}