{"id":508808324,"orientation":{"z":0,"x":0.20000000298023225,"y":0.019999999552965165},"position":{"z":-28.92643165588379,"x":-86.7435073852539,"y":7.4656829833984379},"chatMsg":"/console","chatId":1}