{"chatId":0,"position":{"y":6.471624851226807,"x":-65.1969223022461,"z":-41.96917724609375},"orientation":{"y":-98.91999816894531,"x":-0.1599999964237213,"z":0},"id":508808324}