{"chatId":0,"position":{"y":6.502105712890625,"x":-103.49005889892578,"z":-48.92827606201172},"orientation":{"y":92.80999755859375,"x":-1.7300000190734864,"z":0},"id":508808324}