{"chatId":0,"position":{"y":10.665154457092286,"x":-87.47230529785156,"z":-11.813959121704102},"orientation":{"y":-73.31999969482422,"x":0.7200000286102295,"z":0.009999999776482582},"id":508808324}