{"chatId":0,"position":{"y":6.498253345489502,"x":-123.3275375366211,"z":-42.937767028808597},"orientation":{"y":23.56999969482422,"x":-0.4699999988079071,"z":0.009999999776482582},"id":508808324}