{"chatId":0,"position":{"y":6.4049882888793949,"x":-83.82107543945313,"z":-12.213896751403809},"orientation":{"y":-135.27000427246095,"x":0.10000000149011612,"z":-1.7999999523162842},"id":508808324}