{"chatId":3,"position":{"y":9.046302795410157,"x":-89.85501098632813,"z":-51.40755844116211},"orientation":{"y":10.359999656677246,"x":-1.2100000381469727,"z":0.03999999910593033},"id":508808324,"chatMsg":"esta wea tiene un segundo de retraso"}