{"chatId":0,"position":{"y":6.482476234436035,"x":-88.50218963623047,"z":-40.51072311401367},"orientation":{"y":-13.380000114440918,"x":0.41999998688697817,"z":0},"id":508808324,"chatMsg":""}