{"chatId":0,"position":{"y":6.499973297119141,"x":-65.27603912353516,"z":-43.57261276245117},"orientation":{"y":80.94999694824219,"x":-1.7300000190734864,"z":0},"id":508808324}