{"chatId":1,"position":{"y":6.4994893074035648,"x":-65.17964935302735,"z":1.8215395212173463},"orientation":{"y":126.5199966430664,"x":-1.7300000190734864,"z":-0.009999999776482582},"id":508808324,"chatMsg":"hola"}