{"id":508808324,"orientation":{"z":0,"x":0.07000000029802323,"y":0.07999999821186066},"position":{"z":-28.927528381347658,"x":-86.7435073852539,"y":7.466142177581787},"chatMsg":"/console","chatId":1}