{"chatId":0,"position":{"y":6.501124858856201,"x":-103.76012420654297,"z":-1.2999353408813477},"orientation":{"y":24.709999084472658,"x":-1.149999976158142,"z":0.009999999776482582},"id":508808324}