{"chatId":2,"position":{"y":6.477716445922852,"x":-123.52635955810547,"z":-11.921518325805664},"orientation":{"y":48.900001525878909,"x":0.4399999976158142,"z":0},"id":508808324,"chatMsg":"yea"}