{"id":508808324,"orientation":{"z":0,"x":0.41999998688697817,"y":-0.10000000149011612},"position":{"z":-28.92451286315918,"x":-86.7435073852539,"y":7.4824934005737309},"chatMsg":"/console","chatId":1}