{"chatId":0,"position":{"y":6.496744155883789,"x":-84.81037902832031,"z":-13.485023498535157},"orientation":{"y":-136.1999969482422,"x":-0.18000000715255738,"z":0},"id":508808324}