{"chatId":0,"position":{"y":7.482325077056885,"x":-86.02670288085938,"z":-34.84275436401367},"orientation":{"y":0.2199999988079071,"x":-0.27000001072883608,"z":0},"id":508808324}