{"chatId":3,"position":{"y":6.488468170166016,"x":-74.80126190185547,"z":-32.215789794921878},"orientation":{"y":-103.18000030517578,"x":-1.7300000190734864,"z":0.009999999776482582},"id":508808324,"chatMsg":"esta wea tiene un segundo de retraso"}