{"chatId":0,"position":{"y":7.4702911376953129,"x":-83.72197723388672,"z":-31.180774688720704},"orientation":{"y":-0.05999999865889549,"x":0.3799999952316284,"z":0},"id":508808324}