{"id":508808324,"orientation":{"z":0,"x":-0.10999999940395355,"y":-169.85000610351563},"position":{"z":5.577224254608154,"x":-75.52442169189453,"y":6.4699835777282719},"chatMsg":"/console","chatId":1}