{"id":508808324,"orientation":{"z":0,"x":-12.720000267028809,"y":-179.4600067138672},"position":{"z":25.112224578857423,"x":-61.434532165527347,"y":-136.31585693359376},"chatMsg":"","chatId":0}