{"chatId":0,"position":{"y":6.502406597137451,"x":-89.68223571777344,"z":-20.183284759521486},"orientation":{"y":-35.77000045776367,"x":-1.7300000190734864,"z":0.009999999776482582},"id":508808324}