{"chatId":0,"position":{"y":6.502016544342041,"x":-67.68439483642578,"z":19.16471290588379},"orientation":{"y":-137.33999633789063,"x":-1.7300000190734864,"z":0.009999999776482582},"id":508808324}