{"chatId":3,"position":{"y":63.0833854675293,"x":-97.95092010498047,"z":-108.31195068359375},"orientation":{"y":-13.949999809265137,"x":0.5699999928474426,"z":0},"id":508808324,"chatMsg":"esta wea tiene un segundo de retraso"}