{"chatId":0,"position":{"y":6.501214981079102,"x":-83.68402099609375,"z":-22.54130744934082},"orientation":{"y":127.3499984741211,"x":-1.7300000190734864,"z":0},"id":508808324}