{"chatId":0,"position":{"y":6.5004730224609379,"x":-71.17961120605469,"z":-20.653926849365236},"orientation":{"y":-168.97999572753907,"x":-1.7300000190734864,"z":0.019999999552965165},"id":508808324}