{"chatId":0,"position":{"y":6.501950263977051,"x":-75.90504455566406,"z":-17.121309280395509},"orientation":{"y":-119.66999816894531,"x":-1.7300000190734864,"z":0.009999999776482582},"id":508808324}