{"id":508808324,"orientation":{"z":0,"x":-0.17000000178813935,"y":0.09000000357627869},"position":{"z":-28.929622650146486,"x":-86.7435073852539,"y":7.497280120849609},"chatMsg":"","chatId":0}