{"chatId":0,"position":{"y":7.48396635055542,"x":-79.66722869873047,"z":-28.475467681884767},"orientation":{"y":0.20999999344348908,"x":-0.27000001072883608,"z":0},"id":508808324}