{"id":508808324,"orientation":{"z":0,"x":-0.2199999988079071,"y":0.20999999344348908},"position":{"z":-28.93012237548828,"x":-86.7435073852539,"y":7.475039005279541},"chatMsg":"/console","chatId":1}