{"chatId":2,"position":{"y":6.973104476928711,"x":-124.6147689819336,"z":-13.510112762451172},"orientation":{"y":48.209999084472659,"x":-0.3199999928474426,"z":-0.019999999552965165},"id":508808324,"chatMsg":"yea"}