{"chatId":0,"position":{"y":6.465388774871826,"x":-75.5408935546875,"z":-30.596893310546876},"orientation":{"y":119.58000183105469,"x":0.17000000178813935,"z":0},"id":508808324}