{"chatId":3,"position":{"y":15.044694900512696,"x":-96.79357147216797,"z":-105.49327850341797},"orientation":{"y":134.1199951171875,"x":-0.6499999761581421,"z":0.15000000596046449},"id":508808324,"chatMsg":"esta wea tiene un segundo de retraso"}