{"chatId":0,"position":{"y":7.080776691436768,"x":-62.80807113647461,"z":-28.587736129760743},"orientation":{"y":164.82000732421876,"x":0.2800000011920929,"z":-0.009999999776482582},"id":508808324}