{"chatId":0,"position":{"y":6.467920303344727,"x":-68.89323425292969,"z":-36.955448150634769},"orientation":{"y":-116.13999938964844,"x":-0.05000000074505806,"z":0},"id":508808324}