{"chatId":0,"position":{"y":6.492218971252441,"x":-69.73933410644531,"z":-27.147680282592775},"orientation":{"y":-120.20999908447266,"x":0.28999999165534975,"z":0},"id":508808324,"chatMsg":""}