{"chatId":0,"position":{"y":6.48066520690918,"x":-88.50082397460938,"z":-40.51653289794922},"orientation":{"y":-13.069999694824219,"x":-0.25999999046325686,"z":0},"id":508808324,"chatMsg":""}