{"chatId":0,"position":{"y":11.768630981445313,"x":-81.36674499511719,"z":-31.62209701538086},"orientation":{"y":-29.829999923706056,"x":2.6500000953674318,"z":0},"id":508808324}