{"chatId":0,"position":{"y":6.4699835777282719,"x":-123.40845489501953,"z":-43.42542266845703},"orientation":{"y":19.170000076293947,"x":-0.10999999940395355,"z":0},"id":508808324}