{"id":508808324,"orientation":{"z":0,"x":-0.14000000059604646,"y":0.07999999821186066},"position":{"z":-28.92942237854004,"x":-86.7435073852539,"y":7.498234748840332},"chatMsg":"/console","chatId":1}