{"id":508808324,"orientation":{"z":0,"x":0.3700000047683716,"y":-170.07000732421876},"position":{"z":5.5730719566345219,"x":-75.52515411376953,"y":6.46980619430542},"chatMsg":"/console","chatId":1}