{"chatId":0,"position":{"y":6.500168800354004,"x":-96.97610473632813,"z":-27.980932235717775},"orientation":{"y":111.5,"x":-1.7300000190734864,"z":0.019999999552965165},"id":508808324,"chatMsg":""}