{"chatId":1,"position":{"y":6.4978108406066898,"x":-83.57720184326172,"z":11.129717826843262},"orientation":{"y":-10.420000076293946,"x":-0.15000000596046449,"z":0},"id":508808324,"chatMsg":"hola"}