{"chatId":0,"position":{"y":6.467076301574707,"x":-88.50132751464844,"z":-40.5143928527832},"orientation":{"y":-13.15999984741211,"x":-0.009999999776482582,"z":0},"id":508808324,"chatMsg":""}