{"chatId":0,"position":{"y":6.501650333404541,"x":-105.1614761352539,"z":-24.50672721862793},"orientation":{"y":112.63999938964844,"x":-1.7300000190734864,"z":0.009999999776482582},"id":508808324,"chatMsg":""}