{"chatId":1,"position":{"y":6.471683025360107,"x":-92.27725982666016,"z":-27.625},"orientation":{"y":82.97000122070313,"x":0.4000000059604645,"z":0},"id":508808324,"chatMsg":"asd"}