{"chatId":2,"position":{"y":6.9213104248046879,"x":-124.18229675292969,"z":-12.831707954406739},"orientation":{"y":49.18000030517578,"x":-0.949999988079071,"z":-0.019999999552965165},"id":508808324,"chatMsg":"yea"}