{"chatId":0,"position":{"y":6.478416919708252,"x":-84.64987182617188,"z":-13.318753242492676},"orientation":{"y":-135.42999267578126,"x":-0.23999999463558198,"z":0.009999999776482582},"id":508808324}