{"chatId":0,"position":{"y":6.4972920417785648,"x":-90.3912353515625,"z":-46.68268585205078},"orientation":{"y":-88.63999938964844,"x":-1.7300000190734864,"z":0.019999999552965165},"id":508808324}