{"chatId":0,"position":{"y":7.500091552734375,"x":-87.45250701904297,"z":-36.41071319580078},"Orientation":{"y":0,"x":0,"z":0},"id":508808324}