{"id":508808324,"orientation":{"z":0,"x":0.17000000178813935,"y":-44.959999084472659},"position":{"z":51.501861572265628,"x":-25.501466751098634,"y":-142.9782257080078},"chatMsg":"","chatId":0}