{"chatId":1,"position":{"y":6.49684476852417,"x":-69.23637390136719,"z":-25.7204647064209},"orientation":{"y":-144.41000366210938,"x":0.1899999976158142,"z":0},"id":508808324,"chatMsg":"hola"}