{"chatId":0,"position":{"y":6.501623630523682,"x":-89.2829818725586,"z":-48.667259216308597},"orientation":{"y":13.930000305175782,"x":-1.7300000190734864,"z":0.019999999552965165},"id":508808324}