{"chatId":3,"position":{"y":69.2877426147461,"x":-98.06855773925781,"z":-108.94261932373047},"orientation":{"y":-35.369998931884769,"x":-0.7200000286102295,"z":0},"id":508808324,"chatMsg":"esta wea tiene un segundo de retraso"}