{"chatId":0,"position":{"y":6.499953746795654,"x":-77.1291275024414,"z":-22.033462524414064},"orientation":{"y":121.20999908447266,"x":-1.7300000190734864,"z":0.019999999552965165},"id":508808324}