{"id":508808324,"orientation":{"z":0,"x":-0.07000000029802323,"y":-22.219999313354493},"position":{"z":48.34001541137695,"x":-41.93790817260742,"y":-142.975341796875},"chatMsg":"","chatId":0}