{"chatId":0,"position":{"y":7.503366947174072,"x":-78.09683227539063,"z":-34.65147399902344},"orientation":{"y":-69.19999694824219,"x":-1.7300000190734864,"z":0},"id":508808324}