{"chatId":1,"position":{"y":6.499488830566406,"x":-86.11935424804688,"z":-21.372512817382814},"orientation":{"y":-11.449999809265137,"x":-1.7300000190734864,"z":-0.009999999776482582},"id":508808324,"chatMsg":"1"}