{"id":508808324,"orientation":{"z":0,"x":-0.23999999463558198,"y":0.17000000178813935},"position":{"z":-28.930313110351564,"x":-86.7435073852539,"y":7.491426467895508},"chatMsg":"/console","chatId":1}