{"id":508808324,"orientation":{"z":0.05000000074505806,"x":-7.630000114440918,"y":-170.0399932861328},"position":{"z":55.99654769897461,"x":-45.479488372802737,"y":-140.23565673828126},"chatMsg":"","chatId":0}