{"chatId":0,"position":{"y":6.500668525695801,"x":-28.001569747924806,"z":-20.59519386291504},"orientation":{"y":-147.64999389648438,"x":-1.7300000190734864,"z":0},"id":508808324}