{"chatId":0,"position":{"y":6.501879692077637,"x":-104.42733764648438,"z":-2.977200508117676},"orientation":{"y":116.12999725341797,"x":-1.7300000190734864,"z":0.009999999776482582},"id":508808324,"chatMsg":""}