{"chatId":0,"position":{"y":18.372650146484376,"x":-102.2100601196289,"z":-23.570148468017579},"orientation":{"y":70.8499984741211,"x":0.009999999776482582,"z":0.09000000357627869},"id":508808324,"chatMsg":""}