{"id":508808324,"orientation":{"z":0.49000000953674319,"x":-9.489999771118164,"y":29.729999542236329},"position":{"z":20.572999954223634,"x":-52.74762725830078,"y":-143.28233337402345},"chatMsg":"","chatId":0}