{"chatId":0,"position":{"y":6.4709792137146,"x":-63.89590072631836,"z":-69.53377532958985},"orientation":{"y":-43.90999984741211,"x":0.38999998569488528,"z":0},"id":508808324}