{"id":508808324,"orientation":{"z":0,"x":0.3400000035762787,"y":-45.06999969482422},"position":{"z":51.50285720825195,"x":-25.502460479736329,"y":-142.95343017578126},"chatMsg":"","chatId":0}