{"chatId":0,"position":{"y":7.47169828414917,"x":-79.27074432373047,"z":-29.030168533325197},"orientation":{"y":-0.07000000029802323,"x":0.4000000059604645,"z":0},"id":508808324}