{"chatId":0,"position":{"y":6.800034523010254,"x":-78.17700958251953,"z":-38.083229064941409},"orientation":{"y":-36.08000183105469,"x":1.590000033378601,"z":0.3700000047683716},"id":508808324}