{"chatId":0,"position":{"y":6.499488830566406,"x":-73.23457336425781,"z":-38.9238166809082},"orientation":{"y":-138.8300018310547,"x":-1.7300000190734864,"z":-0.009999999776482582},"id":508808324}