{"chatId":0,"position":{"y":11.448834419250489,"x":-101.97382354736328,"z":-23.53056526184082},"orientation":{"y":68.5999984741211,"x":-1.4900000095367432,"z":0.4699999988079071},"id":508808324,"chatMsg":""}