{"id":508808324,"orientation":{"z":0,"x":-0.10999999940395355,"y":0.1599999964237213},"position":{"z":-28.929157257080079,"x":-86.7435073852539,"y":7.469998359680176},"chatMsg":"/console","chatId":1}