{"chatId":0,"position":{"y":6.181784629821777,"x":-78.70697784423828,"z":-48.484169006347659},"orientation":{"y":-83.44999694824219,"x":0.019999999552965165,"z":-0.029999999329447748},"id":508808324}