{"chatId":3,"position":{"y":6.49990701675415,"x":-73.0412826538086,"z":-25.14502716064453},"orientation":{"y":-173.1300048828125,"x":-1.7300000190734864,"z":0.019999999552965165},"id":508808324,"chatMsg":"esta wea tiene un segundo de retraso"}