{"id":508808324,"orientation":{"z":0,"x":-0.25,"y":0.17000000178813935},"position":{"z":-28.93032455444336,"x":-86.7435073852539,"y":7.491175651550293},"chatMsg":"/console","chatId":1}