{"chatId":2,"position":{"y":12.022422790527344,"x":-100.05078125,"z":-19.75093650817871},"orientation":{"y":-151.35000610351563,"x":3.7100000381469728,"z":-0.029999999329447748},"id":508808324,"chatMsg":"yea"}