{"chatId":0,"position":{"y":7.35029411315918,"x":-76.69242095947266,"z":-34.58682632446289},"orientation":{"y":-85.02999877929688,"x":-1.7300000190734864,"z":-0.009999999776482582},"id":508808324}