{"id":508808324,"orientation":{"z":0,"x":-0.14000000059604646,"y":-44.91999816894531},"position":{"z":51.49990463256836,"x":-25.4995059967041,"y":-142.94546508789063},"chatMsg":"","chatId":0}