{"chatId":0,"position":{"y":6.472620964050293,"x":-88.77092742919922,"z":-39.467281341552737},"orientation":{"y":-13.920000076293946,"x":0.4099999964237213,"z":0},"id":508808324,"chatMsg":""}