{"chatId":3,"position":{"y":6.84483528137207,"x":-96.47177124023438,"z":-104.90340423583985},"orientation":{"y":-154.6699981689453,"x":0.25,"z":0.009999999776482582},"id":508808324,"chatMsg":"esta wea tiene un segundo de retraso"}