{"chatId":2,"position":{"y":6.986687183380127,"x":-127.07247924804688,"z":-17.728851318359376},"orientation":{"y":46.75,"x":-1.2200000286102296,"z":-0.11999999731779099},"id":508808324,"chatMsg":"yea"}