{"chatId":0,"position":{"y":6.501632213592529,"x":-67.26899719238281,"z":34.135555267333987},"orientation":{"y":153.91000366210938,"x":-1.7300000190734864,"z":0},"id":508808324}