{"chatId":0,"position":{"y":7.4899797439575199,"x":-83.99737548828125,"z":-27.536514282226564},"Orientation":{"y":-0.07999999821186066,"x":0.3400000035762787,"z":0},"id":508808324}