{"chatId":0,"position":{"y":13.779622077941895,"x":-83.96295928955078,"z":-22.752063751220704},"orientation":{"y":71.7699966430664,"x":3.109999895095825,"z":-0.019999999552965165},"id":508808324}