{"id":508808324,"orientation":{"z":0,"x":0.3700000047683716,"y":-0.07999999821186066},"position":{"z":-28.92498207092285,"x":-86.7435073852539,"y":7.488234043121338},"chatMsg":"/console","chatId":1}