{"id":508808324,"orientation":{"z":0,"x":0.25,"y":0},"position":{"z":-28.925954818725587,"x":-86.7435073852539,"y":7.466386795043945},"chatMsg":"/console","chatId":1}