{"chatId":0,"position":{"y":6.499488830566406,"x":-52.518943786621097,"z":-35.11174774169922},"orientation":{"y":-101.61000061035156,"x":-1.7300000190734864,"z":-0.009999999776482582},"id":508808324}