{"id":508808324,"orientation":{"z":0,"x":0.28999999165534975,"y":-45.060001373291019},"position":{"z":51.50259780883789,"x":-25.5022029876709,"y":-142.95144653320313},"chatMsg":"","chatId":0}