{"chatId":0,"position":{"y":6.499488830566406,"x":-102.46942138671875,"z":-40.017635345458987},"orientation":{"y":-139.9499969482422,"x":-1.7300000190734864,"z":-0.009999999776482582},"id":508808324}