{"chatId":0,"position":{"y":7.4742865562438969,"x":-82.30204010009766,"z":-33.48283386230469},"orientation":{"y":0.20999999344348908,"x":-0.20999999344348908,"z":0},"id":508808324}