{"chatId":1,"position":{"y":12.540947914123536,"x":-82.24850463867188,"z":-19.205846786499025},"orientation":{"y":148.4199981689453,"x":3.200000047683716,"z":-0.019999999552965165},"id":508808324,"chatMsg":"hola"}