{"chatId":0,"position":{"y":6.503360748291016,"x":-45.54974365234375,"z":-39.7463493347168},"orientation":{"y":-17.219999313354493,"x":-1.7300000190734864,"z":0},"id":508808324}