{"chatId":0,"position":{"y":6.476464748382568,"x":-94.43574523925781,"z":-52.90503692626953},"orientation":{"y":111.27999877929688,"x":-0.33000001311302187,"z":-0.009999999776482582},"id":508808324}