{"chatId":3,"position":{"y":6.501350402832031,"x":-99.54119873046875,"z":-115.69708251953125},"orientation":{"y":-4.369999885559082,"x":-1.7300000190734864,"z":0},"id":508808324,"chatMsg":"esta wea tiene un segundo de retraso"}