{"id":508808324,"orientation":{"z":0,"x":-0.25999999046325686,"y":-22.149999618530275},"position":{"z":48.33844757080078,"x":-41.93726348876953,"y":-142.9630126953125},"chatMsg":"","chatId":0}