{"chatId":0,"position":{"y":6.499196529388428,"x":-88.50115966796875,"z":-40.51509475708008},"orientation":{"y":-13.239999771118164,"x":-0.09000000357627869,"z":0},"id":508808324,"chatMsg":""}