{"chatId":0,"position":{"y":6.49684476852417,"x":-123.40760803222656,"z":-43.42295455932617},"orientation":{"y":18.979999542236329,"x":0.1899999976158142,"z":0},"id":508808324}