{"chatId":0,"position":{"y":6.50014591217041,"x":-63.721832275390628,"z":-41.87126922607422},"orientation":{"y":-97.7699966430664,"x":-1.7300000190734864,"z":0.019999999552965165},"id":508808324}