{"chatId":3,"position":{"y":29.462696075439454,"x":-96.92108917236328,"z":-106.1693115234375},"orientation":{"y":121.1500015258789,"x":0.03999999910593033,"z":0.23000000417232514},"id":508808324,"chatMsg":"esta wea tiene un segundo de retraso"}