{"chatId":1,"position":{"y":7.500018119812012,"x":-79.79489135742188,"z":-32.162391662597659},"orientation":{"y":-110.68000030517578,"x":-0.9800000190734863,"z":0},"id":508808324,"chatMsg":"hola"}