{"chatId":1,"position":{"y":6.43525505065918,"x":-85.7220230102539,"z":22.706880569458009},"orientation":{"y":-10.119999885559082,"x":-1.7300000190734864,"z":0.009999999776482582},"id":508808324,"chatMsg":"hola"}