{"chatId":3,"position":{"y":42.667877197265628,"x":-97.75049591064453,"z":-106.70510864257813},"orientation":{"y":41.130001068115237,"x":2.940000057220459,"z":0},"id":508808324,"chatMsg":"esta wea tiene un segundo de retraso"}