{"id":508808324,"orientation":{"z":0.05999999865889549,"x":-16.229999542236329,"y":-173.80999755859376},"position":{"z":61.24339294433594,"x":-40.1505241394043,"y":-135.49508666992188},"chatMsg":"","chatId":0}