{"chatId":1,"position":{"y":6.466232776641846,"x":-74.99573516845703,"z":-3.4222090244293215},"orientation":{"y":-122.0999984741211,"x":0.05999999865889549,"z":0},"id":508808324,"chatMsg":"hola"}