{"chatId":0,"position":{"y":25.400461196899415,"x":-102.20891571044922,"z":-23.5714168548584},"orientation":{"y":71.22000122070313,"x":0.4300000071525574,"z":0},"id":508808324,"chatMsg":""}