{"chatId":0,"position":{"y":7.501869201660156,"x":-78.93627166748047,"z":-29.466543197631837},"orientation":{"y":-10.289999961853028,"x":-1.7300000190734864,"z":0.009999999776482582},"id":508808324}