{"chatId":2,"position":{"y":6.991789817810059,"x":-125.3450698852539,"z":-14.7161226272583},"orientation":{"y":47.38999938964844,"x":-1.0499999523162842,"z":-0.10999999940395355},"id":508808324,"chatMsg":"yea"}