{"chatId":0,"position":{"y":6.500466823577881,"x":-67.04234313964844,"z":-27.097774505615236},"orientation":{"y":-174.83999633789063,"x":-1.7300000190734864,"z":0.019999999552965165},"id":508808324}