{"id":508808324,"orientation":{"z":0,"x":-0.1599999964237213,"y":-44.81999969482422},"position":{"z":51.49982833862305,"x":-25.499431610107423,"y":-142.9720458984375},"chatMsg":"","chatId":0}