{"id":508808324,"orientation":{"z":0.12999999523162843,"x":-9.600000381469727,"y":51.220001220703128},"position":{"z":14.001054763793946,"x":-56.3082160949707,"y":-143.1845245361328},"chatMsg":"","chatId":0}