{"chatId":0,"position":{"y":6.497673988342285,"x":-88.50103759765625,"z":-40.51561737060547},"orientation":{"y":-13.199999809265137,"x":-0.1599999964237213,"z":0},"id":508808324,"chatMsg":""}