{"chatId":1,"position":{"y":6.49605131149292,"x":-92.28230285644531,"z":-27.6256160736084},"orientation":{"y":83.1500015258789,"x":-0.18000000715255738,"z":0},"id":508808324,"chatMsg":"asd"}