{"chatId":3,"position":{"y":6.496837139129639,"x":-96.85017395019531,"z":-105.85960388183594},"orientation":{"y":-153.7899932861328,"x":0.009999999776482582,"z":0},"id":508808324,"chatMsg":"esta wea tiene un segundo de retraso"}