{"chatId":0,"position":{"y":7.500091552734375,"x":-84.46027374267578,"z":-36.350162506103519},"Orientation":{"y":0,"x":0,"z":0},"id":508808324}