{"chatId":0,"position":{"y":7.4850592613220219,"x":-86.02670288085938,"z":-34.84272384643555},"orientation":{"y":0.20999999344348908,"x":-0.27000001072883608,"z":0},"id":508808324}