{"id":508808324,"orientation":{"z":0,"x":-0.20999999344348908,"y":-22.229999542236329},"position":{"z":48.338844299316409,"x":-41.93742752075195,"y":-142.94964599609376},"chatMsg":"","chatId":0}