{"chatId":1,"position":{"y":11.302596092224121,"x":-86.8343734741211,"z":-11.575032234191895},"orientation":{"y":149,"x":3.5899999141693117,"z":0},"id":508808324,"chatMsg":"hola"}