{"id":508808324,"orientation":{"z":0,"x":-0.03999999910593033,"y":0.12999999523162843},"position":{"z":-28.928504943847658,"x":-86.7435073852539,"y":7.467653274536133},"chatMsg":"/console","chatId":1}