{"chatId":2,"position":{"y":6.993373870849609,"x":-125.49254608154297,"z":-14.967851638793946},"orientation":{"y":47.77000045776367,"x":-1.3300000429153443,"z":-0.05000000074505806},"id":508808324,"chatMsg":"yea"}