{"chatId":0,"position":{"y":6.500463008880615,"x":-68.927978515625,"z":-17.766254425048829},"orientation":{"y":-0.6200000047683716,"x":-1.7300000190734864,"z":0.019999999552965165},"id":508808324}