{"chatId":0,"position":{"y":6.502027988433838,"x":-75.82673645019531,"z":-21.055423736572267},"orientation":{"y":117.1500015258789,"x":-1.7300000190734864,"z":0.009999999776482582},"id":508808324}