{"chatId":0,"position":{"y":7.486163139343262,"x":-86.5853042602539,"z":-32.85254669189453},"orientation":{"y":-0.09000000357627869,"x":0.38999998569488528,"z":0},"id":508808324,"chatMsg":""}