{"chatId":1,"position":{"y":6.4879255294799809,"x":-54.225074768066409,"z":-10.696333885192871},"orientation":{"y":-150.58999633789063,"x":0.3700000047683716,"z":0},"id":508808324,"chatMsg":"hola"}