{"id":508808324,"orientation":{"z":0,"x":-0.27000001072883608,"y":0.20999999344348908},"position":{"z":-28.930538177490236,"x":-86.7435073852539,"y":7.484509468078613},"chatMsg":"/console","chatId":1}