{"chatId":0,"position":{"y":6.499894618988037,"x":-66.03697204589844,"z":27.035593032836915},"orientation":{"y":-166.10000610351563,"x":-1.7300000190734864,"z":0},"id":508808324}