{"chatId":3,"position":{"y":39.64985275268555,"x":-98.34419250488281,"z":-105.87507629394531},"orientation":{"y":109.48999786376953,"x":2.490000009536743,"z":0.05000000074505806},"id":508808324,"chatMsg":"esta wea tiene un segundo de retraso"}