{"chatId":1,"position":{"y":6.882932186126709,"x":-82.88832092285156,"z":-11.693394660949707},"orientation":{"y":-40.93000030517578,"x":-0.3400000035762787,"z":0},"id":508808324,"chatMsg":"hola"}