{"id":508808324,"orientation":{"z":0,"x":0.4000000059604645,"y":-22.440000534057618},"position":{"z":48.34379577636719,"x":-41.9394645690918,"y":-142.9720001220703},"chatMsg":"","chatId":0}