{"id":508808324,"orientation":{"z":-0.009999999776482582,"x":-1.7300000190734864,"y":-118.69999694824219},"position":{"z":-27.110374450683595,"x":-74.88790893554688,"y":6.484862804412842},"chatMsg":"/console","chatId":1}