{"chatId":0,"position":{"y":6.499636173248291,"x":-57.28963851928711,"z":-44.61809158325195},"orientation":{"y":99.70999908447266,"x":-1.7300000190734864,"z":0},"id":508808324}