{"chatId":1,"position":{"y":6.503015041351318,"x":-92.3120346069336,"z":32.25200653076172},"orientation":{"y":-145.89999389648438,"x":-1.7300000190734864,"z":0},"id":508808324,"chatMsg":"hola"}