{"chatId":0,"position":{"y":6.501425266265869,"x":-70.92996215820313,"z":-12.783042907714844},"orientation":{"y":-62.47999954223633,"x":-1.7300000190734864,"z":0.019999999552965165},"id":508808324}