{"chatId":0,"position":{"y":6.501227855682373,"x":-44.04179382324219,"z":-45.806610107421878},"orientation":{"y":44.380001068115237,"x":-1.7300000190734864,"z":0},"id":508808324}