{"chatId":0,"position":{"y":6.501734256744385,"x":-72.79960632324219,"z":-43.055145263671878},"orientation":{"y":-67.69000244140625,"x":-1.7300000190734864,"z":0.019999999552965165},"id":508808324}