{"chatId":0,"position":{"y":6.469806671142578,"x":-92.27749633789063,"z":-27.625030517578126},"orientation":{"y":82.9800033569336,"x":0.3700000047683716,"z":0},"id":508808324,"chatMsg":""}