{"chatId":0,"position":{"y":6.467619895935059,"x":-88.50194549560547,"z":-40.51176834106445},"orientation":{"y":-13.3100004196167,"x":0.30000001192092898,"z":0},"id":508808324,"chatMsg":""}