{"chatId":0,"position":{"y":6.4999308586120609,"x":-84.01439666748047,"z":6.713088035583496},"orientation":{"y":-136.25999450683595,"x":-0.5799999833106995,"z":0},"id":508808324,"chatMsg":""}