{"chatId":0,"position":{"y":6.477716445922852,"x":-63.89618682861328,"z":-69.53347778320313},"orientation":{"y":-43.939998626708987,"x":0.4399999976158142,"z":0},"id":508808324}