{"chatId":0,"position":{"y":6.501491546630859,"x":-77.47888946533203,"z":-39.594207763671878},"orientation":{"y":-71.12000274658203,"x":-1.7300000190734864,"z":0.019999999552965165},"id":508808324}