{"chatId":2,"position":{"y":6.962698936462402,"x":-126.91847229003906,"z":-17.43390655517578},"orientation":{"y":46.16999816894531,"x":-0.05999999865889549,"z":-0.05999999865889549},"id":508808324,"chatMsg":"yea"}