{"chatId":2,"position":{"y":6.993041038513184,"x":-126.09367370605469,"z":-15.957468032836914},"orientation":{"y":46.58000183105469,"x":-1.75,"z":-0.05000000074505806},"id":508808324,"chatMsg":"yea"}