{"chatId":2,"position":{"y":6.9828410148620609,"x":-124.83543395996094,"z":-13.86541748046875},"orientation":{"y":46.849998474121097,"x":-1.2000000476837159,"z":-0.25},"id":508808324,"chatMsg":"yea"}