{"chatId":0,"position":{"y":7.470994472503662,"x":-86.5853042602539,"z":-32.85258102416992},"orientation":{"y":-0.07000000029802323,"x":0.38999998569488528,"z":0},"id":508808324}