{"id":508808324,"orientation":{"z":0,"x":-0.20000000298023225,"y":0.20000000298023225},"position":{"z":-28.929903030395509,"x":-86.7435073852539,"y":7.473280906677246},"chatMsg":"/console","chatId":1}