{"chatId":3,"position":{"y":6.900091648101807,"x":-96.28611755371094,"z":-104.58979797363281},"orientation":{"y":-153.86000061035157,"x":-1.2400000095367432,"z":0},"id":508808324,"chatMsg":"esta wea tiene un segundo de retraso"}