{"chatId":0,"position":{"y":6.5032830238342289,"x":-79.9914779663086,"z":-41.448184967041019},"orientation":{"y":118.98999786376953,"x":-1.7300000190734864,"z":0.009999999776482582},"id":508808324}