{"id":508808324,"orientation":{"z":0,"x":0.12999999523162843,"y":-45.0099983215332},"position":{"z":51.50157165527344,"x":-25.501174926757814,"y":-142.94528198242188},"chatMsg":"","chatId":0}