{"chatId":0,"position":{"y":6.483951091766357,"x":-88.50080108642578,"z":-40.5166015625},"orientation":{"y":-13.069999694824219,"x":-0.27000001072883608,"z":0},"id":508808324,"chatMsg":""}