{"chatId":0,"position":{"y":6.410892963409424,"x":-85.05302429199219,"z":-13.692724227905274},"orientation":{"y":-134.67999267578126,"x":-0.7900000214576721,"z":-1.2599999904632569},"id":508808324}