{"chatId":0,"position":{"y":6.5000834465026859,"x":-52.86392593383789,"z":-37.02029800415039},"orientation":{"y":1.600000023841858,"x":-1.7300000190734864,"z":0.019999999552965165},"id":508808324}