{"id":508808324,"orientation":{"z":0,"x":0.2199999988079071,"y":-44.9900016784668},"position":{"z":51.502174377441409,"x":-25.50177764892578,"y":-142.977783203125},"chatMsg":"","chatId":0}