{"chatId":1,"position":{"y":6.4956464767456059,"x":-92.28235626220703,"z":-27.62562370300293},"orientation":{"y":83.16000366210938,"x":-0.1899999976158142,"z":0},"id":508808324,"chatMsg":"asd"}