{"chatId":0,"position":{"y":7.500091552734375,"x":-85.83724975585938,"z":-29.869596481323243},"orientation":{"y":0,"x":0,"z":0},"id":508808324}