{"chatId":0,"position":{"y":10.47869873046875,"x":-101.95481872558594,"z":-23.531354904174806},"orientation":{"y":70.68000030517578,"x":2.119999885559082,"z":0},"id":508808324,"chatMsg":""}