{"id":508808324,"orientation":{"z":0,"x":0.09000000357627869,"y":-0.009999999776482582},"position":{"z":-28.927366256713868,"x":-86.7435073852539,"y":7.498870849609375},"chatMsg":"/console","chatId":1}