{"chatId":3,"position":{"y":17.902732849121095,"x":-96.77399444580078,"z":-105.47250366210938},"orientation":{"y":149.1699981689453,"x":-0.7900000214576721,"z":0.12999999523162843},"id":508808324,"chatMsg":"esta wea tiene un segundo de retraso"}