{"chatId":1,"position":{"y":6.477149963378906,"x":-54.225341796875,"z":-10.696808815002442},"orientation":{"y":-150.60000610351563,"x":0.4300000071525574,"z":0},"id":508808324,"chatMsg":"hola"}