{"chatId":0,"position":{"y":7.470056533813477,"x":-87.48766326904297,"z":-30.860488891601564},"orientation":{"y":-0.05999999865889549,"x":0.3700000047683716,"z":0},"id":508808324,"chatMsg":""}