{"chatId":0,"position":{"y":6.498244285583496,"x":-105.93431091308594,"z":-28.29030418395996},"orientation":{"y":131.97999572753907,"x":0.14000000059604646,"z":0},"id":508808324}