{"chatId":0,"position":{"y":6.502989292144775,"x":-52.82182693481445,"z":-29.042268753051759},"orientation":{"y":-93.55999755859375,"x":-1.7300000190734864,"z":0.009999999776482582},"id":508808324}