{"chatId":1,"position":{"y":6.501607894897461,"x":-62.182708740234378,"z":-0.04662226885557175},"orientation":{"y":-109.66000366210938,"x":-1.7300000190734864,"z":0},"id":508808324,"chatMsg":"hi"}