{"id":508808324,"orientation":{"z":0,"x":0,"y":-45},"position":{"z":51.50078582763672,"x":-25.500389099121095,"y":-142.943603515625},"chatMsg":"","chatId":0}