{"chatId":0,"position":{"y":6.615610122680664,"x":-72.66172790527344,"z":-31.934019088745118},"orientation":{"y":120.06999969482422,"x":0.23999999463558198,"z":-0.07000000029802323},"id":508808324}