{"id":508808324,"orientation":{"z":0,"x":-0.05999999865889549,"y":0.14000000059604646},"position":{"z":-28.928728103637697,"x":-86.7435073852539,"y":7.4682159423828129},"chatMsg":"/console","chatId":1}