{"chatId":1,"position":{"y":6.467216968536377,"x":-71.47193908691406,"z":-2.871217727661133},"orientation":{"y":60.68000030517578,"x":-0.019999999552965165,"z":0},"id":508808324,"chatMsg":"hi"}