{"id":508808324,"orientation":{"z":0,"x":0.029999999329447748,"y":-45},"position":{"z":51.500999450683597,"x":-25.50060272216797,"y":-142.94406127929688},"chatMsg":"","chatId":0}