{"id":508808324,"orientation":{"z":0,"x":0.009999999776482582,"y":0.11999999731779099},"position":{"z":-28.92811393737793,"x":-86.7435073852539,"y":7.46666955947876},"chatMsg":"/console","chatId":1}