{"chatId":0,"position":{"y":6.486147880554199,"x":-70.6633529663086,"z":-43.61703872680664},"orientation":{"y":-26.809999465942384,"x":0.38999998569488528,"z":0},"id":508808324}