{"chatId":0,"position":{"y":6.499907493591309,"x":-38.70945358276367,"z":-31.639606475830079},"orientation":{"y":-21.600000381469728,"x":-1.7300000190734864,"z":0.019999999552965165},"id":508808324}