{"chatId":0,"position":{"y":6.378157615661621,"x":-101.98198699951172,"z":-23.540878295898439},"orientation":{"y":70.68000030517578,"x":-1.1799999475479127,"z":0},"id":508808324,"chatMsg":""}