{"chatId":0,"position":{"y":6.347893714904785,"x":-83.30962371826172,"z":-11.526755332946778},"orientation":{"y":-135.72999572753907,"x":0.4399999976158142,"z":-1.690000057220459},"id":508808324}