{"chatId":0,"position":{"y":6.501291751861572,"x":-90.2441635131836,"z":-41.85492706298828},"orientation":{"y":47.040000915527347,"x":-1.7300000190734864,"z":0.019999999552965165},"id":508808324}