{"chatId":0,"position":{"y":6.474271297454834,"x":-87.32623291015625,"z":-16.2762451171875},"orientation":{"y":-136.41000366210938,"x":-0.20999999344348908,"z":0},"id":508808324}