{"chatId":0,"position":{"y":6.5003204345703129,"x":-66.22541046142578,"z":-46.363433837890628},"orientation":{"y":3.75,"x":-1.7300000190734864,"z":0},"id":508808324}