{"chatId":0,"position":{"y":11.85119915008545,"x":-90.79751586914063,"z":-20.764446258544923},"orientation":{"y":103.12000274658203,"x":3.5399999618530275,"z":0},"id":508808324}