{"chatId":1,"position":{"y":6.46980619430542,"x":-83.57803344726563,"z":11.134208679199219},"orientation":{"y":-10.5600004196167,"x":0.3700000047683716,"z":0},"id":508808324,"chatMsg":"hola"}