{"chatId":0,"position":{"y":6.491412162780762,"x":-44.80421447753906,"z":-45.987247467041019},"orientation":{"y":56.18000030517578,"x":-0.23999999463558198,"z":0},"id":508808324}