{"id":508808324,"orientation":{"z":0,"x":-0.1599999964237213,"y":0.18000000715255738},"position":{"z":-28.929529190063478,"x":-86.7435073852539,"y":7.4716386795043949},"chatMsg":"/console","chatId":1}