{"chatId":0,"position":{"y":6.495242118835449,"x":-88.5009536743164,"z":-40.515960693359378},"orientation":{"y":-13.170000076293946,"x":-0.20000000298023225,"z":0},"id":508808324,"chatMsg":""}