{"chatId":0,"position":{"y":6.465834617614746,"x":-20.28415870666504,"z":-7.899115562438965},"orientation":{"y":-143.49000549316407,"x":0.2199999988079071,"z":0},"id":508808324}