{"id":508808324,"orientation":{"z":0,"x":-0.25999999046325686,"y":0.18000000715255738},"position":{"z":-28.930410385131837,"x":-86.7435073852539,"y":7.4894304275512699},"chatMsg":"/console","chatId":1}