{"chatId":0,"position":{"y":6.5014495849609379,"x":-57.65602111816406,"z":-42.67414855957031},"orientation":{"y":55.36000061035156,"x":-1.7300000190734864,"z":0.019999999552965165},"id":508808324}