{"id":508808324,"orientation":{"z":0,"x":0.14000000059604646,"y":-0.019999999552965165},"position":{"z":-28.926963806152345,"x":-86.7435073852539,"y":7.498260021209717},"chatMsg":"/console","chatId":1}