{"chatId":0,"position":{"y":7.500981330871582,"x":-78.92664337158203,"z":-27.58370018005371},"orientation":{"y":-149.89999389648438,"x":-1.7300000190734864,"z":0},"id":508808324}