{"chatId":0,"position":{"y":6.292873382568359,"x":-84.65450286865235,"z":-8.510351181030274},"orientation":{"y":107.19000244140625,"x":-1.7300000190734864,"z":0.009999999776482582},"id":508808324,"chatMsg":""}