{"id":508808324,"orientation":{"z":0.07000000029802323,"x":-8.050000190734864,"y":137.3699951171875},"position":{"z":20.292198181152345,"x":-61.85552215576172,"y":-133.2736053466797},"chatMsg":"","chatId":0}