{"chatId":0,"position":{"y":6.501159191131592,"x":-35.76459884643555,"z":-33.77309036254883},"orientation":{"y":-150.1999969482422,"x":-1.7300000190734864,"z":0.019999999552965165},"id":508808324}