{"id":508808324,"orientation":{"z":0,"x":0.25,"y":0},"position":{"z":-28.925952911376954,"x":-86.7435073852539,"y":7.466387748718262},"chatMsg":"/console","chatId":1}