{"chatId":0,"position":{"y":6.499548435211182,"x":-100.4566421508789,"z":-23.18951988220215},"orientation":{"y":-110.1500015258789,"x":-1.7300000190734864,"z":-0.009999999776482582},"id":508808324}