{"chatId":0,"position":{"y":7.496860027313232,"x":-82.30204010009766,"z":-33.47935485839844},"orientation":{"y":-0.029999999329447748,"x":0.1899999976158142,"z":0},"id":508808324}