{"id":508808324,"orientation":{"z":0,"x":-0.1599999964237213,"y":0.09000000357627869},"position":{"z":-28.929536819458009,"x":-86.7435073852539,"y":7.497689247131348},"chatMsg":"/console","chatId":1}