{"chatId":0,"position":{"y":6.500452041625977,"x":-88.0022201538086,"z":-41.46027755737305},"orientation":{"y":89.18000030517578,"x":-1.7300000190734864,"z":0.019999999552965165},"id":508808324}