{"chatId":0,"position":{"y":6.522635459899902,"x":-46.22423553466797,"z":-74.83424377441406},"orientation":{"y":-138.83999633789063,"x":0.029999999329447748,"z":0.009999999776482582},"id":508808324}