{"chatId":2,"position":{"y":6.501349925994873,"x":-119.0903091430664,"z":-8.004659652709961},"orientation":{"y":63.38999938964844,"x":-1.7300000190734864,"z":0},"id":508808324,"chatMsg":"yea"}