{"chatId":0,"position":{"y":6.502073287963867,"x":-74.95256042480469,"z":-19.28801918029785},"orientation":{"y":-156.69000244140626,"x":-1.7300000190734864,"z":0.009999999776482582},"id":508808324,"chatMsg":""}