{"id":508808324,"orientation":{"z":0,"x":0.4099999964237213,"y":-0.09000000357627869},"position":{"z":-28.924633026123048,"x":-86.7435073852539,"y":7.484328746795654},"chatMsg":"/console","chatId":1}