{"chatId":0,"position":{"y":6.498069763183594,"x":-68.89476776123047,"z":-36.95620346069336},"orientation":{"y":-116.30000305175781,"x":0.14000000059604646,"z":0},"id":508808324}