{"id":508808324,"orientation":{"z":0,"x":-0.1599999964237213,"y":0.18000000715255738},"position":{"z":-28.92953109741211,"x":-86.7435073852539,"y":7.471640110015869},"chatMsg":"/console","chatId":1}