{"chatId":3,"position":{"y":6.868569374084473,"x":-112.31830596923828,"z":-132.03099060058595},"orientation":{"y":76.06999969482422,"x":0.25999999046325686,"z":0},"id":508808324,"chatMsg":"esta wea tiene un segundo de retraso"}