{"chatId":0,"position":{"y":12.624495506286621,"x":-99.57538604736328,"z":-9.089478492736817},"orientation":{"y":-167.14999389648438,"x":-1.4700000286102296,"z":0.5},"id":508808324}