{"chatId":0,"position":{"y":6.502078056335449,"x":-66.20063018798828,"z":-45.64335632324219},"orientation":{"y":172.1300048828125,"x":-1.7300000190734864,"z":0},"id":508808324}