{"chatId":0,"position":{"y":6.500216960906982,"x":-70.08020782470703,"z":-37.55998229980469},"orientation":{"y":-115.38999938964844,"x":-0.7900000214576721,"z":0.009999999776482582},"id":508808324}