{"id":508808324,"orientation":{"z":0,"x":-0.23999999463558198,"y":0.20999999344348908},"position":{"z":-28.930246353149415,"x":-86.7435073852539,"y":7.476043224334717},"chatMsg":"/console","chatId":1}