{"id":508808324,"orientation":{"z":0,"x":0.28999999165534975,"y":-0.019999999552965165},"position":{"z":-28.925678253173829,"x":-86.7435073852539,"y":7.467322826385498},"chatMsg":"/console","chatId":1}