{"chatId":2,"position":{"y":12.533487319946289,"x":-104.11710357666016,"z":-4.865811824798584},"orientation":{"y":102.12000274658203,"x":3.700000047683716,"z":-0.03999999910593033},"id":508808324,"chatMsg":"yea"}