{"chatId":0,"position":{"y":6.5020647048950199,"x":-101.08480834960938,"z":-45.34321212768555},"orientation":{"y":106.47000122070313,"x":-1.7300000190734864,"z":0.009999999776482582},"id":508808324}