{"chatId":3,"position":{"y":13.589875221252442,"x":-113.8433609008789,"z":-17.89315414428711},"orientation":{"y":-115.9000015258789,"x":2.990000009536743,"z":-0.019999999552965165},"id":508808324,"chatMsg":"esta wea tiene un segundo de retraso"}