{"chatId":1,"position":{"y":6.9092326164245609,"x":-101.79638671875,"z":-30.380722045898439},"orientation":{"y":143.32000732421876,"x":-0.23999999463558198,"z":0},"id":508808324,"chatMsg":"hi"}