{"chatId":0,"position":{"y":6.498048305511475,"x":-90.32505798339844,"z":-31.07937240600586},"orientation":{"y":144.5399932861328,"x":-1.7300000190734864,"z":0},"id":508808324}