{"chatId":3,"position":{"y":25.829133987426759,"x":-96.88904571533203,"z":-105.96701049804688},"orientation":{"y":129.14999389648438,"x":-0.7900000214576721,"z":0.12999999523162843},"id":508808324,"chatMsg":"esta wea tiene un segundo de retraso"}