{"chatId":0,"position":{"y":6.471683025360107,"x":-44.799556732177737,"z":-45.984107971191409},"orientation":{"y":55.939998626708987,"x":0.4000000059604645,"z":0},"id":508808324}