{"chatId":1,"position":{"y":6.500222206115723,"x":-72.31568908691406,"z":-3.835357904434204},"orientation":{"y":-109.20999908447266,"x":-1.7300000190734864,"z":0},"id":508808324,"chatMsg":"hi"}