{"chatId":0,"position":{"y":6.50255823135376,"x":-70.33106231689453,"z":-58.04860305786133},"orientation":{"y":-25.079999923706056,"x":-1.7300000190734864,"z":0},"id":508808324}