{"id":508808324,"orientation":{"z":0,"x":0.23999999463558198,"y":0},"position":{"z":-28.92604637145996,"x":-86.7435073852539,"y":7.466073036193848},"chatMsg":"","chatId":0}