{"id":508808324,"orientation":{"z":0,"x":0.4300000071525574,"y":-0.09000000357627869},"position":{"z":-28.92446517944336,"x":-86.7435073852539,"y":7.475471496582031},"chatMsg":"/console","chatId":1}