{"chatId":3,"position":{"y":10.603876113891602,"x":-97.14230346679688,"z":-106.43879699707031},"orientation":{"y":-155.92999267578126,"x":-0.8399999737739563,"z":0.33000001311302187},"id":508808324,"chatMsg":"esta wea tiene un segundo de retraso"}