{"chatId":1,"position":{"y":6.49766731262207,"x":-54.48897171020508,"z":-11.145564079284668},"orientation":{"y":-150.7100067138672,"x":-0.12999999523162843,"z":0},"id":508808324,"chatMsg":"hola"}