{"chatId":1,"position":{"y":6.85299015045166,"x":-92.59796905517578,"z":-27.7421817779541},"orientation":{"y":77.52999877929688,"x":0.3499999940395355,"z":0.029999999329447748},"id":508808324,"chatMsg":"asd"}