{"chatId":0,"position":{"y":6.501735210418701,"x":-94.24813079833985,"z":-13.777523040771485},"orientation":{"y":-47.54999923706055,"x":-1.7300000190734864,"z":0},"id":508808324}