{"Orientation":{"y":0.11999999731779099,"x":0.009999999776482582,"z":0},"chatId":0,"position":{"y":7.46666955947876,"x":-82.18289184570313,"z":-30.787517547607423}}