{"chatId":0,"position":{"y":19.45218849182129,"x":-102.2090835571289,"z":-23.57147216796875},"orientation":{"y":71.23999786376953,"x":0.4099999964237213,"z":0},"id":508808324,"chatMsg":""}