{"chatId":0,"position":{"y":6.502127647399902,"x":-109.84302520751953,"z":-13.845100402832032},"orientation":{"y":26.56999969482422,"x":-1.7300000190734864,"z":0},"id":508808324}