{"chatId":0,"position":{"y":6.496211051940918,"x":-45.655948638916019,"z":-74.17935180664063},"orientation":{"y":-138.75,"x":-0.3499999940395355,"z":0.009999999776482582},"id":508808324}