{"chatId":0,"position":{"y":6.4655561447143559,"x":-68.78531646728516,"z":-21.193098068237306},"orientation":{"y":146.9600067138672,"x":0.1899999976158142,"z":0},"id":508808324}