{"chatId":0,"position":{"y":7.500833988189697,"x":-85.68048095703125,"z":-30.492769241333009},"orientation":{"y":-3.3299999237060549,"x":-1.659999966621399,"z":0},"id":508808324}