{"chatId":0,"position":{"y":6.494182109832764,"x":-52.28260040283203,"z":-59.99956512451172},"orientation":{"y":-135.89999389648438,"x":0.25,"z":0},"id":508808324}