{"id":508808324,"orientation":{"z":0.8700000047683716,"x":-9.279999732971192,"y":66.38999938964844},"position":{"z":46.95154571533203,"x":-39.95518493652344,"y":-143.247314453125},"chatMsg":"","chatId":0}