{"chatId":1,"position":{"y":12.208301544189454,"x":-80.97441101074219,"z":-30.507179260253908},"orientation":{"y":-1.690000057220459,"x":3.9700000286102297,"z":-0.3199999928474426},"id":508808324,"chatMsg":"hi"}