{"id":508808324,"orientation":{"z":0,"x":0.3499999940395355,"y":-0.07999999821186066},"position":{"z":-28.925094604492189,"x":-86.7435073852539,"y":7.489107131958008},"chatMsg":"/console","chatId":1}