{"chatId":2,"position":{"y":6.897235870361328,"x":-123.76835632324219,"z":-12.19125747680664},"orientation":{"y":48.540000915527347,"x":0.03999999910593033,"z":-0.029999999329447748},"id":508808324,"chatMsg":"yea"}