{"id":508808324,"orientation":{"z":0,"x":0.3400000035762787,"y":-0.07000000029802323},"position":{"z":-28.92524528503418,"x":-86.7435073852539,"y":7.490272045135498},"chatMsg":"/console","chatId":1}