{"chatId":0,"position":{"y":7.479584693908691,"x":-85.75912475585938,"z":-27.9128360748291},"orientation":{"y":0.2199999988079071,"x":-0.25999999046325686,"z":0},"id":508808324}