{"chatId":1,"position":{"y":6.482857704162598,"x":-54.2223014831543,"z":-10.691428184509278},"orientation":{"y":-150.27999877929688,"x":-0.2800000011920929,"z":0},"id":508808324,"chatMsg":"hola"}