{"chatId":0,"position":{"y":6.501585483551025,"x":-85.17031860351563,"z":33.85114288330078},"orientation":{"y":78.97000122070313,"x":-1.7300000190734864,"z":0},"id":508808324}