{"chatId":3,"position":{"y":9.820099830627442,"x":-85.77580261230469,"z":-24.733903884887697},"orientation":{"y":-69.44999694824219,"x":-1.2400000095367432,"z":0.03999999910593033},"id":508808324,"chatMsg":"esta wea tiene un segundo de retraso"}