{"chatId":0,"position":{"y":6.499488830566406,"x":-49.103729248046878,"z":-36.47854232788086},"orientation":{"y":-134.92999267578126,"x":-1.7300000190734864,"z":-0.009999999776482582},"id":508808324}