{"chatId":0,"position":{"y":6.5000762939453129,"x":-46.32297134399414,"z":-74.94451141357422},"orientation":{"y":-139.17999267578126,"x":0,"z":0},"id":508808324}