{"id":508808324,"orientation":{"z":0,"x":-14.079999923706055,"y":119.47000122070313},"position":{"z":14.518247604370118,"x":-56.706459045410159,"y":-132.5041961669922},"chatMsg":"","chatId":0}