{"chatId":0,"position":{"y":6.502182483673096,"x":-49.715091705322269,"z":-24.8658447265625},"orientation":{"y":-127.30999755859375,"x":-1.7300000190734864,"z":0},"id":508808324}