{"chatId":0,"position":{"y":6.501838684082031,"x":-85.26936340332031,"z":-48.861351013183597},"orientation":{"y":29.700000762939454,"x":-1.7300000190734864,"z":0.009999999776482582},"id":508808324}