{"chatId":3,"position":{"y":6.499677658081055,"x":-94.74278259277344,"z":-76.62696838378906},"orientation":{"y":93.25,"x":-1.7300000190734864,"z":0},"id":508808324,"chatMsg":"esta wea tiene un segundo de retraso"}