{"id":508808324,"orientation":{"z":0.8999999761581421,"x":-9.729999542236329,"y":66.58000183105469},"position":{"z":46.93717575073242,"x":-39.96550750732422,"y":-143.2537841796875},"chatMsg":"","chatId":0}