{"chatId":3,"position":{"y":6.500271320343018,"x":-92.54261779785156,"z":-129.8046112060547},"orientation":{"y":83.29000091552735,"x":-1.7300000190734864,"z":0.019999999552965165},"id":508808324,"chatMsg":"esta wea tiene un segundo de retraso"}