{"id":508808324,"orientation":{"z":0.9300000071525574,"x":1.440000057220459,"y":179.5399932861328},"position":{"z":24.680885314941408,"x":-62.33364486694336,"y":-130.21334838867188},"chatMsg":"","chatId":0}