{"chatId":0,"position":{"y":7.500091552734375,"x":-80.39575958251953,"z":-31.363759994506837},"Orientation":{"y":0,"x":0,"z":0},"id":508808324}