{"chatId":0,"position":{"y":7.498645305633545,"x":-83.04228210449219,"z":-35.31029510498047},"Orientation":{"y":0.07000000029802323,"x":-0.12999999523162843,"z":0},"id":508808324}