{"chatId":0,"position":{"y":6.501542091369629,"x":-83.32736206054688,"z":28.339252471923829},"orientation":{"y":-78.62000274658203,"x":-1.7300000190734864,"z":0},"id":508808324}