{"id":508808324,"orientation":{"z":0,"x":-0.10000000149011612,"y":0.05000000074505806},"position":{"z":-28.929004669189454,"x":-86.7435073852539,"y":7.499210834503174},"chatMsg":"/console","chatId":1}