{"chatId":0,"position":{"y":7.493234634399414,"x":-83.72197723388672,"z":-31.186050415039064},"orientation":{"y":0.15000000596046449,"x":-0.23000000417232514,"z":0},"id":508808324}