{"id":508808324,"orientation":{"z":2.109999895095825,"x":28.549999237060548,"y":179.72000122070313},"position":{"z":24.277986526489259,"x":-61.45813751220703,"y":-136.93968200683595},"chatMsg":"","chatId":0}