{"id":508808324,"orientation":{"z":0,"x":0.23999999463558198,"y":-45},"position":{"z":51.50229263305664,"x":-25.501893997192384,"y":-142.9776153564453},"chatMsg":"","chatId":0}