{"id":508808324,"orientation":{"z":0,"x":0.38999998569488528,"y":-0.07000000029802323},"position":{"z":-28.924789428710939,"x":-86.7435073852539,"y":7.4709954261779789},"chatMsg":"/console","chatId":1}