{"id":508808324,"orientation":{"z":-0.019999999552965165,"x":-9.270000457763672,"y":4.289999961853027},"position":{"z":43.714508056640628,"x":-42.55207824707031,"y":-143.2592315673828},"chatMsg":"","chatId":0}