{"chatId":1,"position":{"y":8.501615524291993,"x":-82.35733032226563,"z":-15.413454055786133},"orientation":{"y":28.559999465942384,"x":-1.1799999475479127,"z":0},"id":508808324,"chatMsg":"hi"}