{"chatId":0,"position":{"y":6.501456260681152,"x":-83.36510467529297,"z":7.147585868835449},"orientation":{"y":146.3699951171875,"x":-1.7300000190734864,"z":0.019999999552965165},"id":508808324}