{"id":508808324,"orientation":{"z":0,"x":-0.25999999046325686,"y":-169.7899932861328},"position":{"z":5.578526496887207,"x":-75.5241928100586,"y":6.48066520690918},"chatMsg":"/console","chatId":1}