{"chatId":1,"position":{"y":6.468339443206787,"x":-74.48062896728516,"z":-2.8994767665863039},"orientation":{"y":-124.18000030517578,"x":-0.10000000149011612,"z":-0.009999999776482582},"id":508808324,"chatMsg":"hola"}