{"chatId":0,"position":{"y":7.500091552734375,"x":-82.10671997070313,"z":-35.07670593261719},"orientation":{"y":0,"x":0,"z":0},"id":508808324,"chatMsg":""}