{"chatId":0,"position":{"y":12.606523513793946,"x":-82.5379409790039,"z":-17.536195755004884},"orientation":{"y":-32.65999984741211,"x":-0.6200000047683716,"z":0.3700000047683716},"id":508808324}