{"chatId":0,"position":{"y":7.4705891609191898,"x":-83.76873016357422,"z":-25.869089126586915},"orientation":{"y":83.22000122070313,"x":-1.7300000190734864,"z":0.019999999552965165},"id":508808324,"chatMsg":""}