{"chatId":0,"position":{"y":6.977629661560059,"x":-90.32389831542969,"z":-6.127405643463135},"orientation":{"y":19.299999237060548,"x":-1.0199999809265137,"z":0},"id":508808324}