{"chatId":0,"position":{"y":7.969341278076172,"x":-94.16654205322266,"z":-8.787181854248047},"orientation":{"y":-82.77999877929688,"x":-0.5299999713897705,"z":-0.18000000715255738},"id":508808324}