{"chatId":2,"position":{"y":6.994819641113281,"x":-126.46025085449219,"z":-16.607650756835939},"orientation":{"y":46.0099983215332,"x":-0.27000001072883608,"z":-0.07999999821186066},"id":508808324,"chatMsg":"yea"}