{"chatId":0,"position":{"y":6.497537612915039,"x":-88.50102996826172,"z":-40.51564407348633},"orientation":{"y":-13.199999809265137,"x":-0.1599999964237213,"z":0},"id":508808324,"chatMsg":""}