{"id":508808324,"orientation":{"z":0,"x":-0.27000001072883608,"y":-44.790000915527347},"position":{"z":51.49912643432617,"x":-25.498727798461915,"y":-142.95863342285157},"chatMsg":"","chatId":0}