{"chatId":0,"position":{"y":6.501573085784912,"x":-94.99368286132813,"z":-38.141815185546878},"orientation":{"y":127.37999725341797,"x":-1.7300000190734864,"z":0.009999999776482582},"id":508808324}