{"chatId":0,"position":{"y":7.471229076385498,"x":-83.72197723388672,"z":-31.180652618408204},"orientation":{"y":-0.07000000029802323,"x":0.38999998569488528,"z":0},"id":508808324}