{"id":508808324,"orientation":{"z":0,"x":0.4099999964237213,"y":66.44000244140625},"position":{"z":46.95527648925781,"x":-39.926998138427737,"y":-142.97105407714845},"chatMsg":"","chatId":0}