{"chatId":0,"position":{"y":6.489090919494629,"x":-70.37549591064453,"z":-44.20690155029297},"orientation":{"y":-26.579999923706056,"x":0.3499999940395355,"z":0},"id":508808324}