{"chatId":0,"position":{"y":6.4879255294799809,"x":-68.7844467163086,"z":-21.194438934326173},"orientation":{"y":146.85000610351563,"x":0.3700000047683716,"z":0},"id":508808324}