{"chatId":0,"position":{"y":7.500809192657471,"x":-79.6180419921875,"z":-34.00804901123047},"orientation":{"y":-1.399999976158142,"x":-1.7300000190734864,"z":0.019999999552965165},"id":508808324}