{"chatId":0,"position":{"y":13.679427146911621,"x":-86.24323272705078,"z":-26.220062255859376},"orientation":{"y":-42.2599983215332,"x":3.609999895095825,"z":-0.03999999910593033},"id":508808324}