{"chatId":0,"position":{"y":7.4952569007873539,"x":-87.48766326904297,"z":-30.865467071533204},"orientation":{"y":0.11999999731779099,"x":-0.20000000298023225,"z":0},"id":508808324,"chatMsg":""}