{"id":508808324,"orientation":{"z":0,"x":-0.009999999776482582,"y":0.009999999776482582},"position":{"z":-28.928268432617189,"x":-86.7435073852539,"y":7.499993324279785},"chatMsg":"/console","chatId":1}