{"chatId":0,"position":{"y":6.500046730041504,"x":-86.95728302001953,"z":-55.146018981933597},"orientation":{"y":-21.809999465942384,"x":-0.28999999165534975,"z":0},"id":508808324}