{"chatId":0,"position":{"y":6.494182109832764,"x":-87.32901763916016,"z":-16.279190063476564},"orientation":{"y":-136.66000366210938,"x":0.25,"z":0},"id":508808324}