{"chatId":3,"position":{"y":6.499580383300781,"x":-78.57205200195313,"z":-126.46595001220703},"orientation":{"y":-23.040000915527345,"x":-1.7300000190734864,"z":-0.009999999776482582},"id":508808324,"chatMsg":"esta wea tiene un segundo de retraso"}