{"chatId":0,"position":{"y":6.4978108406066898,"x":-88.50104522705078,"z":-40.515586853027347},"orientation":{"y":-13.199999809265137,"x":-0.15000000596046449,"z":0},"id":508808324,"chatMsg":""}