{"chatId":0,"position":{"y":6.47847318649292,"x":-70.37313842773438,"z":-44.211631774902347},"orientation":{"y":-26.280000686645509,"x":-0.25,"z":0},"id":508808324}