{"chatId":0,"position":{"y":6.500441074371338,"x":-91.73827362060547,"z":-45.062774658203128},"orientation":{"y":-132.0399932861328,"x":-1.7300000190734864,"z":0},"id":508808324}