{"id":508808324,"orientation":{"z":0,"x":0.019999999552965165,"y":0.10999999940395355},"position":{"z":-28.927995681762697,"x":-86.7435073852539,"y":7.466563701629639},"chatMsg":"/console","chatId":1}