{"chatId":2,"position":{"y":6.502130031585693,"x":-95.80023193359375,"z":-6.708161354064941},"orientation":{"y":107.12000274658203,"x":-1.7300000190734864,"z":0},"id":508808324,"chatMsg":"yea"}