{"id":508808324,"orientation":{"z":0.9800000190734863,"x":-9.319999694824219,"y":-0.07999999821186066},"position":{"z":28.933185577392579,"x":-50.114593505859378,"y":-143.22340393066407},"chatMsg":"","chatId":0}