{"chatId":0,"position":{"y":6.501197814941406,"x":-39.7012825012207,"z":-39.28593826293945},"orientation":{"y":22.420000076293947,"x":-1.7300000190734864,"z":0.019999999552965165},"id":508808324}