{"chatId":0,"position":{"y":6.500861167907715,"x":-89.64368438720703,"z":-26.338760375976564},"orientation":{"y":168.08999633789063,"x":-1.7300000190734864,"z":0},"id":508808324}