{"chatId":0,"position":{"y":13.694406509399414,"x":-59.63817596435547,"z":-85.07559967041016},"orientation":{"y":-160.75999450683595,"x":3.490000009536743,"z":-0.03999999910593033},"id":508808324}