{"chatId":3,"position":{"y":6.402073860168457,"x":-95.86177825927735,"z":-84.55900573730469},"orientation":{"y":7.460000038146973,"x":-0.9100000262260437,"z":0},"id":508808324,"chatMsg":"esta wea tiene un segundo de retraso"}