{"chatId":0,"position":{"y":6.499514102935791,"x":-56.65093994140625,"z":-54.23027038574219},"orientation":{"y":-139.77000427246095,"x":-1.7300000190734864,"z":-0.009999999776482582},"id":508808324}