{"chatId":0,"position":{"y":6.472620964050293,"x":-88.5021743774414,"z":-40.51078796386719},"orientation":{"y":-13.369999885559082,"x":0.4099999964237213,"z":0},"id":508808324,"chatMsg":""}