{"chatId":2,"position":{"y":6.502042770385742,"x":-100.10057067871094,"z":-32.997161865234378},"orientation":{"y":51.2599983215332,"x":-1.7300000190734864,"z":0.009999999776482582},"id":508808324,"chatMsg":"yea"}