{"id":508808324,"orientation":{"z":0,"x":-0.20999999344348908,"y":-44.86000061035156},"position":{"z":51.49945831298828,"x":-25.49906349182129,"y":-142.94964599609376},"chatMsg":"","chatId":0}