{"chatId":1,"position":{"y":6.500277042388916,"x":-84.63407897949219,"z":15.19117259979248},"orientation":{"y":123.3499984741211,"x":-1.7300000190734864,"z":0.019999999552965165},"id":508808324,"chatMsg":"hola"}