{"chatId":1,"position":{"y":6.478644371032715,"x":-54.24577331542969,"z":-7.8567328453063969},"orientation":{"y":179.6999969482422,"x":-1.7300000190734864,"z":0.019999999552965165},"id":508808324,"chatMsg":"hola"}