{"chatId":0,"position":{"y":6.484311103820801,"x":-45.30803680419922,"z":-73.77564239501953},"orientation":{"y":-139.1699981689453,"x":0.15000000596046449,"z":-0.09000000357627869},"id":508808324}