{"chatId":1,"position":{"y":6.471624851226807,"x":-74.994140625,"z":-3.4212052822113039},"orientation":{"y":-122.01000213623047,"x":-0.1599999964237213,"z":0},"id":508808324,"chatMsg":"hola"}