{"chatId":1,"position":{"y":6.5000762939453129,"x":-83.24736022949219,"z":7.11924934387207},"orientation":{"y":-129.60000610351563,"x":0,"z":0},"id":508808324,"chatMsg":"1"}