{"id":508808324,"orientation":{"z":0,"x":0.4099999964237213,"y":-0.07999999821186066},"position":{"z":-28.924575805664064,"x":-86.7435073852539,"y":7.472637176513672},"chatMsg":"/console","chatId":1}