{"chatId":0,"position":{"y":7.4657206535339359,"x":-84.46027374267578,"z":-36.34904479980469},"Orientation":{"y":0.05999999865889549,"x":0.12999999523162843,"z":0},"id":508808324}