{"Orientation":{"y":-0.10000000149011612,"x":0.41999998688697817,"z":0},"chatId":0,"position":{"y":7.482490539550781,"x":-87.41149139404297,"z":-32.7175407409668}}