{"chatId":0,"position":{"y":6.501630783081055,"x":-57.380271911621097,"z":-30.556386947631837},"orientation":{"y":-108.1500015258789,"x":-1.7300000190734864,"z":0},"id":508808324}