{"Orientation":{"y":-0.07999999821186066,"x":0.4099999964237213,"z":0},"chatId":0,"position":{"y":7.4726362228393559,"x":-85.84115600585938,"z":-26.612041473388673}}