{"id":508808324,"orientation":{"z":0,"x":0.4099999964237213,"y":-45.08000183105469},"position":{"z":51.50333023071289,"x":-25.5029354095459,"y":-142.97105407714845},"chatMsg":"","chatId":0}