{"chatId":0,"position":{"y":7.500133037567139,"x":-77.15249633789063,"z":-34.48207092285156},"orientation":{"y":-41.02000045776367,"x":-1.7300000190734864,"z":0},"id":508808324}