{"chatId":0,"position":{"y":6.500920295715332,"x":-31.813411712646486,"z":-27.06643295288086},"orientation":{"y":-148.3300018310547,"x":-1.7300000190734864,"z":0},"id":508808324}