{"chatId":0,"position":{"y":6.9489545822143559,"x":-77.58082580566406,"z":-48.617759704589847},"orientation":{"y":-87.27999877929688,"x":0.4000000059604645,"z":0},"id":508808324}