{"chatId":0,"position":{"y":6.499907493591309,"x":-20.20451545715332,"z":-7.8647685050964359},"orientation":{"y":-142.86000061035157,"x":-1.7300000190734864,"z":0.019999999552965165},"id":508808324}