{"chatId":0,"position":{"y":6.499371528625488,"x":-107.12588500976563,"z":-27.26102638244629},"orientation":{"y":133.44000244140626,"x":-1.5099999904632569,"z":-0.009999999776482582},"id":508808324}