{"id":508808324,"orientation":{"z":1.340000033378601,"x":-9.319999694824219,"y":71.87000274658203},"position":{"z":11.20231819152832,"x":-62.27015686035156,"y":-137.31849670410157},"chatMsg":"","chatId":0}