{"chatId":0,"position":{"y":27.25059700012207,"x":-102.21446990966797,"z":-23.57329750061035},"orientation":{"y":71.4800033569336,"x":-0.23999999463558198,"z":0},"id":508808324,"chatMsg":""}