{"chatId":3,"position":{"y":18.61707878112793,"x":-97.99092102050781,"z":-106.70087432861328},"orientation":{"y":-154.8300018310547,"x":3.4700000286102297,"z":0},"id":508808324,"chatMsg":"esta wea tiene un segundo de retraso"}