{"chatId":1,"position":{"y":6.492218971252441,"x":-99.92155456542969,"z":-32.92958450317383},"orientation":{"y":48.18000030517578,"x":0.28999999165534975,"z":0},"id":508808324,"chatMsg":"asd"}