{"chatId":0,"position":{"y":6.502254962921143,"x":-71.44151306152344,"z":40.55815887451172},"orientation":{"y":146.86000061035157,"x":-1.7300000190734864,"z":0.009999999776482582},"id":508808324}