{"chatId":0,"position":{"y":6.500206470489502,"x":-100.1535873413086,"z":-12.188756942749024},"orientation":{"y":-167.47000122070313,"x":-1.7300000190734864,"z":0},"id":508808324}