{"chatId":1,"position":{"y":6.953542709350586,"x":-94.07386016845703,"z":-28.30404281616211},"orientation":{"y":64.58000183105469,"x":-1.7200000286102296,"z":0.03999999910593033},"id":508808324,"chatMsg":"asd"}