{"chatId":0,"position":{"y":6.467779636383057,"x":-68.8932876586914,"z":-36.95547103881836},"orientation":{"y":-116.13999938964844,"x":-0.03999999910593033,"z":0},"id":508808324}