{"chatId":0,"position":{"y":7.500971794128418,"x":-85.62199401855469,"z":-27.55672264099121},"orientation":{"y":-27.65999984741211,"x":-1.7300000190734864,"z":0},"id":508808324}