{"chatId":0,"position":{"y":7.4742865562438969,"x":-77.94064331054688,"z":-27.244457244873048},"orientation":{"y":0.20999999344348908,"x":-0.20999999344348908,"z":0},"id":508808324,"chatMsg":""}