{"id":508808324,"orientation":{"z":0.019999999552965165,"x":-1.7300000190734864,"y":178.00999450683595},"position":{"z":-6.416781902313232,"x":-77.64189147949219,"y":6.5004072189331059},"chatMsg":"/console","chatId":1}