{"chatId":0,"position":{"y":7.500559329986572,"x":-78.81426239013672,"z":-28.150766372680665},"orientation":{"y":88.54000091552735,"x":-1.7300000190734864,"z":0.019999999552965165},"id":508808324,"chatMsg":""}