{"id":508808324,"orientation":{"z":0.33000001311302187,"x":-1.4199999570846558,"y":-13.25},"position":{"z":48.70003890991211,"x":-42.46268081665039,"y":-142.98348999023438},"chatMsg":"","chatId":0}