{"chatId":0,"position":{"y":6.500804424285889,"x":-78.79415130615235,"z":-41.729766845703128},"orientation":{"y":-53.75,"x":-1.7300000190734864,"z":0},"id":508808324}