{"chatId":0,"position":{"y":7.492176055908203,"x":-78.7394790649414,"z":-29.234970092773439},"orientation":{"y":0.1599999964237213,"x":-0.23999999463558198,"z":0},"id":508808324,"chatMsg":""}