{"chatId":0,"position":{"y":6.500010967254639,"x":-39.86137771606445,"z":-40.72805404663086},"orientation":{"y":-150.75999450683595,"x":-1.7300000190734864,"z":0.019999999552965165},"id":508808324}