{"id":508808324,"orientation":{"z":0,"x":-0.23999999463558198,"y":-22.209999084472658},"position":{"z":48.33864974975586,"x":-41.937347412109378,"y":-142.95126342773438},"chatMsg":"","chatId":0}