{"id":508808324,"orientation":{"z":0,"x":0.38999998569488528,"y":-0.09000000357627869},"position":{"z":-28.924793243408204,"x":-86.7435073852539,"y":7.486775875091553},"chatMsg":"/console","chatId":1}