{"id":508808324,"orientation":{"z":0,"x":0.20999999344348908,"y":-22.399999618530275},"position":{"z":48.3422737121582,"x":-41.938838958740237,"y":-142.94752502441407},"chatMsg":"","chatId":0}