{"chatId":2,"position":{"y":6.475451946258545,"x":-123.52642822265625,"z":-11.921575546264649},"orientation":{"y":48.900001525878909,"x":0.4300000071525574,"z":0},"id":508808324,"chatMsg":"yea"}