{"chatId":0,"position":{"y":6.499979496002197,"x":-89.89766693115235,"z":28.43184471130371},"orientation":{"y":32.02000045776367,"x":-1.7300000190734864,"z":-0.009999999776482582},"id":508808324}