{"id":508808324,"orientation":{"z":0.03999999910593033,"x":-9.270000457763672,"y":72.08999633789063},"position":{"z":49.174964904785159,"x":-31.86680030822754,"y":-143.26547241210938},"chatMsg":"","chatId":0}