{"chatId":0,"position":{"y":6.501147747039795,"x":-86.21198272705078,"z":-41.581016540527347},"orientation":{"y":41.470001220703128,"x":-0.8600000143051148,"z":0.009999999776482582},"id":508808324,"chatMsg":""}