{"chatId":0,"position":{"y":6.466660499572754,"x":-123.7166519165039,"z":-44.27470016479492},"orientation":{"y":19.3700008392334,"x":-0.03999999910593033,"z":0},"id":508808324}