{"chatId":1,"position":{"y":6.891462326049805,"x":-93.08757019042969,"z":-27.81879234313965},"orientation":{"y":78.86000061035156,"x":-0.23999999463558198,"z":0},"id":508808324,"chatMsg":"asd"}