{"id":508808324,"orientation":{"z":0,"x":-0.15000000596046449,"y":-44.90999984741211},"position":{"z":51.49984359741211,"x":-25.49944496154785,"y":-142.94586181640626},"chatMsg":"","chatId":0}