{"chatId":0,"position":{"y":6.5019121170043949,"x":-74.03101348876953,"z":-12.166769027709961},"orientation":{"y":132.97999572753907,"x":-1.149999976158142,"z":0.009999999776482582},"id":508808324,"chatMsg":""}