{"chatId":0,"position":{"y":6.501029014587402,"x":-72.912353515625,"z":-42.68927001953125},"orientation":{"y":-52.45000076293945,"x":-1.7300000190734864,"z":0.019999999552965165},"id":508808324}