{"chatId":0,"position":{"y":22.941783905029298,"x":-102.20919799804688,"z":-23.57151222229004},"orientation":{"y":71.25,"x":0.4000000059604645,"z":0},"id":508808324,"chatMsg":""}