{"id":508808324,"orientation":{"z":0,"x":-0.03999999910593033,"y":-22.350000381469728},"position":{"z":48.340240478515628,"x":-41.9379997253418,"y":-142.94400024414063},"chatMsg":"","chatId":0}