{"chatId":0,"position":{"y":7.500091552734375,"x":-77.61446380615235,"z":-32.04345703125},"orientation":{"y":0,"x":0,"z":0},"id":508808324,"chatMsg":""}