{"chatId":0,"position":{"y":6.500518798828125,"x":-96.82869720458985,"z":-46.999027252197269},"orientation":{"y":53.310001373291019,"x":-1.7300000190734864,"z":0},"id":508808324}