{"chatId":0,"position":{"y":7.500091552734375,"x":-79.891845703125,"z":-32.52198028564453},"orientation":{"y":-99.55999755859375,"x":0,"z":0},"id":508808324,"chatMsg":""}