{"chatId":0,"position":{"y":6.467779636383057,"x":-123.40979766845703,"z":-43.42793655395508},"orientation":{"y":19.139999389648439,"x":-0.03999999910593033,"z":0},"id":508808324}