{"chatId":1,"position":{"y":6.49990701675415,"x":-99.85415649414063,"z":-33.18533706665039},"orientation":{"y":135.05999755859376,"x":-1.7300000190734864,"z":0.019999999552965165},"id":508808324,"chatMsg":"hi"}