{"id":508808324,"orientation":{"z":0,"x":0.28999999165534975,"y":-22.43000030517578},"position":{"z":48.342952728271487,"x":-41.939117431640628,"y":-142.95144653320313},"chatMsg":"","chatId":0}