{"chatId":0,"position":{"y":6.502021789550781,"x":-98.37044525146485,"z":-13.185415267944336},"orientation":{"y":122.16000366210938,"x":-1.7300000190734864,"z":0.009999999776482582},"id":508808324}