{"id":508808324,"orientation":{"z":0,"x":-0.07999999821186066,"y":0.03999999910593033},"position":{"z":-28.928911209106447,"x":-86.7435073852539,"y":7.499309539794922},"chatMsg":"/console","chatId":1}