{"id":508808324,"orientation":{"z":0,"x":-0.12999999523162843,"y":0.07000000029802323},"position":{"z":-28.92930793762207,"x":-86.7435073852539,"y":7.498780727386475},"chatMsg":"/console","chatId":1}