{"chatId":0,"position":{"y":6.501047134399414,"x":-69.9540023803711,"z":-25.909381866455079},"orientation":{"y":139.47000122070313,"x":-1.7300000190734864,"z":0.019999999552965165},"id":508808324}