{"chatId":1,"position":{"y":6.5532026290893559,"x":-83.2934341430664,"z":-11.239277839660645},"orientation":{"y":-38.7599983215332,"x":0.20999999344348908,"z":0},"id":508808324,"chatMsg":"hola"}