{"id":508808324,"orientation":{"z":0,"x":0.2199999988079071,"y":-153.52999877929688},"position":{"z":63.61644744873047,"x":-36.87641525268555,"y":-140.98562622070313},"chatMsg":"","chatId":0}