{"chatId":0,"position":{"y":6.494104862213135,"x":-123.9010009765625,"z":-44.80406188964844},"orientation":{"y":19.31999969482422,"x":0,"z":0.019999999552965165},"id":508808324}