{"chatId":0,"position":{"y":6.500086307525635,"x":-69.76101684570313,"z":-32.45089340209961},"orientation":{"y":-6.920000076293945,"x":-1.7300000190734864,"z":0},"id":508808324}