{"chatId":1,"position":{"y":7.502895355224609,"x":-85.81822967529297,"z":-36.58389663696289},"orientation":{"y":55.119998931884769,"x":-1.7300000190734864,"z":0},"id":508808324,"chatMsg":"hi"}