{"chatId":0,"position":{"y":7.476475715637207,"x":-81.81317901611328,"z":-30.160306930541993},"orientation":{"y":0.28999999165534975,"x":-1.159999966621399,"z":0.10999999940395355},"id":508808324,"chatMsg":""}