{"id":508808324,"orientation":{"z":0,"x":-0.25,"y":0.2199999988079071},"position":{"z":-28.930377960205079,"x":-86.7435073852539,"y":7.478487014770508},"chatMsg":"/console","chatId":1}