{"chatId":3,"position":{"y":13.71621322631836,"x":-91.67915344238281,"z":-69.86698150634766},"orientation":{"y":59.5099983215332,"x":3.3499999046325685,"z":-0.029999999329447748},"id":508808324,"chatMsg":"esta wea tiene un segundo de retraso"}