{"chatId":0,"position":{"y":20.41840171813965,"x":-102.21451568603516,"z":-23.573312759399415},"orientation":{"y":71.48999786376953,"x":-0.23999999463558198,"z":0},"id":508808324,"chatMsg":""}