{"chatId":0,"position":{"y":6.4709792137146,"x":-88.50212860107422,"z":-40.51099395751953},"orientation":{"y":-13.350000381469727,"x":0.38999998569488528,"z":0},"id":508808324,"chatMsg":""}