{"chatId":1,"position":{"y":6.499488830566406,"x":-95.2800521850586,"z":25.210771560668947},"orientation":{"y":163.85000610351563,"x":-1.7300000190734864,"z":-0.009999999776482582},"id":508808324,"chatMsg":"hola"}