{"id":508808324,"orientation":{"z":0,"x":-0.1599999964237213,"y":-22.190000534057618},"position":{"z":48.339324951171878,"x":-41.937625885009769,"y":-142.9720458984375},"chatMsg":"","chatId":0}