{"chatId":0,"position":{"y":7.118070125579834,"x":-77.61233520507813,"z":-48.63452911376953},"orientation":{"y":-87.2300033569336,"x":0.9200000166893005,"z":1.2100000381469727},"id":508808324}