{"chatId":0,"position":{"y":7.500091552734375,"x":-86.5853042602539,"z":-32.8559684753418},"orientation":{"y":0,"x":0,"z":0},"id":508808324,"chatMsg":""}