{"id":508808324,"orientation":{"z":0.3799999952316284,"x":-7.449999809265137,"y":171.97999572753907},"position":{"z":27.311656951904298,"x":-54.84925842285156,"y":-137.35606384277345},"chatMsg":"","chatId":0}