{"id":508808324,"orientation":{"z":0.9200000166893005,"x":3.0799999237060549,"y":-179.19000244140626},"position":{"z":25.442176818847658,"x":-62.14157485961914,"y":-131.6928253173828},"chatMsg":"","chatId":0}