{"id":508808324,"orientation":{"z":0,"x":-0.23999999463558198,"y":0.2199999988079071},"position":{"z":-28.930278778076173,"x":-86.7435073852539,"y":7.476295471191406},"chatMsg":"/console","chatId":1}