{"chatId":0,"position":{"y":7.488915920257568,"x":-82.9901123046875,"z":-32.980987548828128},"orientation":{"y":0,"x":0.009999999776482582,"z":0},"id":508808324}