{"chatId":0,"position":{"y":7.559595108032227,"x":-82.29112243652344,"z":-33.54558563232422},"orientation":{"y":0.5899999737739563,"x":-0.3100000023841858,"z":-0.05999999865889549},"id":508808324}