{"chatId":0,"position":{"y":6.496232032775879,"x":-106.68122863769531,"z":-27.65048599243164},"orientation":{"y":133.02000427246095,"x":-1.1200000047683716,"z":0.03999999910593033},"id":508808324}