{"id":508808324,"orientation":{"z":0,"x":-0.1899999976158142,"y":-169.89999389648438},"position":{"z":5.577893257141113,"x":-75.52429962158203,"y":6.4956464767456059},"chatMsg":"/console","chatId":1}