{"chatId":0,"position":{"y":7.4659318923950199,"x":-81.78836059570313,"z":-30.482006072998048},"orientation":{"y":0.07000000029802323,"x":0.10000000149011612,"z":0},"id":508808324,"chatMsg":""}