{"chatId":0,"position":{"y":7.522042274475098,"x":-86.57946014404297,"z":-32.76920700073242},"orientation":{"y":0.07999999821186066,"x":-0.23999999463558198,"z":0.05999999865889549},"id":508808324,"chatMsg":""}