{"chatId":0,"position":{"y":6.483699798583984,"x":-76.03691101074219,"z":-13.2426118850708},"orientation":{"y":133.77000427246095,"x":0.4099999964237213,"z":0},"id":508808324,"chatMsg":""}