{"chatId":3,"position":{"y":8.933514595031739,"x":-97.98015594482422,"z":-106.67796325683594},"orientation":{"y":-154.8300018310547,"x":0.5699999928474426,"z":0},"id":508808324,"chatMsg":"esta wea tiene un segundo de retraso"}