{"chatId":0,"position":{"y":6.473187446594238,"x":-88.50218200683594,"z":-40.510765075683597},"orientation":{"y":-13.369999885559082,"x":0.41999998688697817,"z":0},"id":508808324,"chatMsg":""}