{"chatId":2,"position":{"y":6.877878189086914,"x":-124.0425033569336,"z":-12.614543914794922},"orientation":{"y":48.560001373291019,"x":0.09000000357627869,"z":-0.07000000029802323},"id":508808324,"chatMsg":"yea"}