{"chatId":1,"position":{"y":6.500868320465088,"x":-78.01953887939453,"z":10.64498233795166},"orientation":{"y":123.58999633789063,"x":-1.7300000190734864,"z":0.019999999552965165},"id":508808324,"chatMsg":"hola"}