{"id":508808324,"orientation":{"z":0,"x":-0.23000000417232514,"y":0.20999999344348908},"position":{"z":-28.930152893066408,"x":-86.7435073852539,"y":7.475290775299072},"chatMsg":"/console","chatId":1}