{"chatId":0,"position":{"y":7.466248035430908,"x":-84.46027374267578,"z":-36.349632263183597},"orientation":{"y":0.09000000357627869,"x":0.05999999865889549,"z":0},"id":508808324,"chatMsg":""}