{"chatId":0,"position":{"y":6.500513553619385,"x":-74.46587371826172,"z":55.22211456298828},"orientation":{"y":-86.7699966430664,"x":-1.7300000190734864,"z":-0.009999999776482582},"id":508808324}