{"chatId":0,"position":{"y":6.499488830566406,"x":-63.80631637573242,"z":-39.04001998901367},"orientation":{"y":135.49000549316407,"x":-1.7300000190734864,"z":-0.009999999776482582},"id":508808324}