{"chatId":0,"position":{"y":6.464926719665527,"x":-85.65036010742188,"z":-14.42286491394043},"orientation":{"y":-135.86000061035157,"x":-0.009999999776482582,"z":0},"id":508808324}