{"chatId":0,"position":{"y":7.726982593536377,"x":-76.84186553955078,"z":-31.52465057373047},"orientation":{"y":-28.90999984741211,"x":-3.7300000190734865,"z":1.2200000286102296},"id":508808324,"chatMsg":""}