{"chatId":3,"position":{"y":33.534000396728519,"x":-96.9688491821289,"z":-106.40616607666016},"orientation":{"y":111.56999969482422,"x":-1.3799999952316285,"z":0.4300000071525574},"id":508808324,"chatMsg":"esta wea tiene un segundo de retraso"}