{"chatId":0,"position":{"y":6.5484209060668949,"x":-73.5223617553711,"z":-31.444189071655275},"orientation":{"y":119.91999816894531,"x":0.3799999952316284,"z":-0.07999999821186066},"id":508808324}