{"chatId":0,"position":{"y":7.474788665771484,"x":-87.45250701904297,"z":-36.412628173828128},"Orientation":{"y":0.20999999344348908,"x":-0.2199999988079071,"z":0},"id":508808324}