{"id":508808324,"orientation":{"z":0,"x":0.05000000074505806,"y":-153.5500030517578},"position":{"z":63.617794036865237,"x":-36.8757438659668,"y":-140.95199584960938},"chatMsg":"","chatId":0}