{"chatId":3,"position":{"y":6.500352382659912,"x":-97.81332397460938,"z":-15.070743560791016},"orientation":{"y":-65.73999786376953,"x":-1.7300000190734864,"z":0.019999999552965165},"id":508808324,"chatMsg":"esta wea tiene un segundo de retraso"}