{"id":508808324,"orientation":{"z":0,"x":0.41999998688697817,"y":-0.10000000149011612},"position":{"z":-28.924470901489259,"x":-86.7435073852539,"y":7.481879711151123},"chatMsg":"/console","chatId":1}