{"chatId":0,"position":{"y":13.94357967376709,"x":-71.17154693603516,"z":-11.696998596191407},"orientation":{"y":-82.44999694824219,"x":2.3399999141693117,"z":-0.029999999329447748},"id":508808324}