{"chatId":1,"position":{"y":16.687908172607423,"x":-81.6304931640625,"z":4.361239910125732},"orientation":{"y":8.350000381469727,"x":3.240000009536743,"z":-0.029999999329447748},"id":508808324,"chatMsg":"1"}