{"chatId":0,"position":{"y":6.5010480880737309,"x":-72.9014892578125,"z":-28.76058578491211},"orientation":{"y":-161.80999755859376,"x":-1.7300000190734864,"z":0.019999999552965165},"id":508808324}