{"chatId":0,"position":{"y":6.4978108406066898,"x":-67.96260070800781,"z":-35.25232696533203},"orientation":{"y":-96.9800033569336,"x":-0.15000000596046449,"z":0},"id":508808324,"chatMsg":""}