{"chatId":1,"position":{"y":13.846961975097657,"x":-57.286590576171878,"z":-25.857452392578126},"orientation":{"y":-177.75999450683595,"x":0.20000000298023225,"z":0.30000001192092898},"id":508808324,"chatMsg":"hola"}