{"chatId":0,"position":{"y":12.828699111938477,"x":-102.22088623046875,"z":-23.575462341308595},"orientation":{"y":71.33000183105469,"x":-1.0199999809265137,"z":0},"id":508808324,"chatMsg":""}