{"chatId":0,"position":{"y":6.501312255859375,"x":-74.63507080078125,"z":-26.53510856628418},"orientation":{"y":47.09000015258789,"x":-1.7300000190734864,"z":0.019999999552965165},"id":508808324}