{"id":508808324,"orientation":{"z":0,"x":0.20000000298023225,"y":-0.029999999329447748},"position":{"z":-28.926393508911134,"x":-86.7435073852539,"y":7.496335983276367},"chatMsg":"/console","chatId":1}