{"chatId":1,"position":{"y":7.867176055908203,"x":-91.01138305664063,"z":-4.623955249786377},"orientation":{"y":149.27000427246095,"x":1.3300000429153443,"z":0},"id":508808324,"chatMsg":"hola"}