{"chatId":1,"position":{"y":6.5030364990234379,"x":-71.8069076538086,"z":6.375109672546387},"orientation":{"y":125.69999694824219,"x":-1.7300000190734864,"z":0},"id":508808324,"chatMsg":"hola"}