{"chatId":0,"position":{"y":6.50336217880249,"x":-78.36823272705078,"z":-13.646520614624024},"orientation":{"y":-128.86000061035157,"x":-1.7300000190734864,"z":0},"id":508808324}