{"chatId":0,"position":{"y":10.436269760131836,"x":-88.51190948486328,"z":-33.137638092041019},"orientation":{"y":141.2100067138672,"x":0.07000000029802323,"z":0.019999999552965165},"id":508808324,"chatMsg":""}