{"chatId":3,"position":{"y":65.2964096069336,"x":-98.01348114013672,"z":-108.54206848144531},"orientation":{"y":-21.520000457763673,"x":0.5699999928474426,"z":0},"id":508808324,"chatMsg":"esta wea tiene un segundo de retraso"}