{"chatId":0,"position":{"y":6.46840238571167,"x":-124.00469970703125,"z":-45.09736633300781},"orientation":{"y":19.559999465942384,"x":-0.10999999940395355,"z":0},"id":508808324}