{"chatId":0,"position":{"y":7.5034260749816898,"x":-82.80592346191406,"z":-32.329471588134769},"orientation":{"y":-78.30999755859375,"x":-1.7300000190734864,"z":0},"id":508808324}