{"chatId":0,"position":{"y":6.5006585121154789,"x":-90.87665557861328,"z":-32.80667495727539},"orientation":{"y":-13.579999923706055,"x":-1.7300000190734864,"z":0.019999999552965165},"id":508808324}