{"chatId":1,"position":{"y":6.502079010009766,"x":-91.2142562866211,"z":19.713165283203126},"orientation":{"y":124.80000305175781,"x":-1.7300000190734864,"z":0.009999999776482582},"id":508808324,"chatMsg":"hola"}