{"chatId":0,"position":{"y":7.500110626220703,"x":-79.65251159667969,"z":-36.54678726196289},"orientation":{"y":-56.09000015258789,"x":-1.7300000190734864,"z":-0.009999999776482582},"id":508808324}