{"chatId":0,"position":{"y":7.475467205047607,"x":-78.7394790649414,"z":-29.229158401489259},"orientation":{"y":-0.09000000357627869,"x":0.4300000071525574,"z":0},"id":508808324,"chatMsg":""}