{"chatId":3,"position":{"y":36.71208190917969,"x":-96.97901916503906,"z":-106.60906219482422},"orientation":{"y":104.41999816894531,"x":-0.05999999865889549,"z":0.3100000023841858},"id":508808324,"chatMsg":"esta wea tiene un segundo de retraso"}