{"chatId":0,"position":{"y":7.7139081954956059,"x":-76.40807342529297,"z":-30.06357192993164},"orientation":{"y":119.98999786376953,"x":0.7599999904632568,"z":-0.09000000357627869},"id":508808324}