{"chatId":0,"position":{"y":6.487651348114014,"x":-70.12715148925781,"z":-44.711700439453128},"orientation":{"y":-25.6200008392334,"x":-1.2200000286102296,"z":-0.07000000029802323},"id":508808324}