{"chatId":1,"position":{"y":6.49500846862793,"x":-74.86692810058594,"z":-3.2654294967651369},"orientation":{"y":-122.66000366210938,"x":0.17000000178813935,"z":0},"id":508808324,"chatMsg":"hola"}