{"chatId":3,"position":{"y":6.502071857452393,"x":-98.99449157714844,"z":-108.35350036621094},"orientation":{"y":7.190000057220459,"x":-1.7300000190734864,"z":0.009999999776482582},"id":508808324,"chatMsg":"esta wea tiene un segundo de retraso"}