{"chatId":0,"position":{"y":6.490211486816406,"x":-94.60641479492188,"z":-52.844234466552737},"orientation":{"y":110.79000091552735,"x":0.28999999165534975,"z":0},"id":508808324}