{"id":508808324,"orientation":{"z":-0.09000000357627869,"x":-9.319999694824219,"y":117.7699966430664},"position":{"z":47.68437194824219,"x":-40.17146301269531,"y":-143.21405029296876},"chatMsg":"","chatId":0}