{"chatId":3,"position":{"y":6.501485824584961,"x":-99.9878921508789,"z":-130.52243041992188},"orientation":{"y":84,"x":-1.7300000190734864,"z":0.019999999552965165},"id":508808324,"chatMsg":"esta wea tiene un segundo de retraso"}