{"chatId":0,"position":{"y":6.485044002532959,"x":-68.78749084472656,"z":-21.189762115478517},"orientation":{"y":147.13999938964845,"x":-0.27000001072883608,"z":0},"id":508808324}