{"chatId":0,"position":{"y":6.499602794647217,"x":-112.21867370605469,"z":-5.076934814453125},"orientation":{"y":71.58000183105469,"x":-1.7300000190734864,"z":0},"id":508808324,"chatMsg":""}