{"chatId":0,"position":{"y":6.470487117767334,"x":-87.25736999511719,"z":-16.202966690063478},"orientation":{"y":-136.24000549316407,"x":-0.3400000035762787,"z":-0.009999999776482582},"id":508808324}