{"chatId":0,"position":{"y":14.736727714538575,"x":-102.22059631347656,"z":-23.575363159179689},"orientation":{"y":71.33000183105469,"x":-0.9800000190734863,"z":0},"id":508808324,"chatMsg":""}