{"chatId":0,"position":{"y":6.503398895263672,"x":-97.11695098876953,"z":-34.75259780883789},"orientation":{"y":-129.30999755859376,"x":-1.7300000190734864,"z":0},"id":508808324}