{"id":508808324,"orientation":{"z":0,"x":-0.17000000178813935,"y":0.10000000149011612},"position":{"z":-28.929676055908204,"x":-86.7435073852539,"y":7.496872901916504},"chatMsg":"/console","chatId":1}