{"chatId":0,"position":{"y":7.471640110015869,"x":-82.30204010009766,"z":-33.48233413696289},"orientation":{"y":0.18000000715255738,"x":-0.1599999964237213,"z":0},"id":508808324}