{"chatId":0,"position":{"y":6.4812517166137699,"x":-88.50221252441406,"z":-40.51064682006836},"orientation":{"y":-13.380000114440918,"x":0.4300000071525574,"z":0},"id":508808324,"chatMsg":""}