{"chatId":0,"position":{"y":8.803973197937012,"x":-96.09147644042969,"z":-11.015645027160645},"orientation":{"y":68.30000305175781,"x":0.15000000596046449,"z":0.07000000029802323},"id":508808324}