{"chatId":0,"position":{"y":7.4670915603637699,"x":-83.04228210449219,"z":-35.30923843383789},"Orientation":{"y":0.11999999731779099,"x":-0.009999999776482582,"z":0},"id":508808324}