{"chatId":0,"position":{"y":7.494408130645752,"x":-85.91858673095703,"z":-29.813764572143556},"orientation":{"y":-89.9800033569336,"x":-1.7300000190734864,"z":0.009999999776482582},"id":508808324,"chatMsg":""}