{"chatId":0,"position":{"y":6.499488830566406,"x":-83.18882751464844,"z":-20.655864715576173},"orientation":{"y":-156.57000732421876,"x":-1.7300000190734864,"z":-0.009999999776482582},"id":508808324}