{"chatId":0,"position":{"y":6.5000762939453129,"x":-70.81748962402344,"z":-43.47332000732422},"orientation":{"y":-74.58999633789063,"x":0,"z":0},"id":508808324}