{"chatId":0,"position":{"y":6.503211975097656,"x":-68.64683532714844,"z":-32.36758804321289},"orientation":{"y":-143.8699951171875,"x":-1.7300000190734864,"z":0},"id":508808324}