{"chatId":0,"position":{"y":11.981856346130371,"x":-68.04354858398438,"z":-66.06222534179688},"orientation":{"y":-60,"x":3.5399999618530275,"z":0},"id":508808324}