{"chatId":3,"position":{"y":13.937901496887207,"x":-78.08514404296875,"z":-27.539884567260743},"orientation":{"y":30.899999618530275,"x":0.28999999165534975,"z":-0.009999999776482582},"id":508808324,"chatMsg":"esta wea tiene un segundo de retraso"}