{"chatId":1,"position":{"y":6.273324012756348,"x":-74.44805145263672,"z":-14.431344985961914},"orientation":{"y":149.10000610351563,"x":-0.7200000286102295,"z":0},"id":508808324,"chatMsg":"hola"}