{"chatId":0,"position":{"y":6.501977443695068,"x":-70.60128784179688,"z":-28.771709442138673},"orientation":{"y":-141.4499969482422,"x":-1.7300000190734864,"z":0},"id":508808324,"chatMsg":""}