{"chatId":1,"position":{"y":6.500158309936523,"x":-67.377685546875,"z":-34.72883605957031},"orientation":{"y":-110.2699966430664,"x":-1.149999976158142,"z":0.019999999552965165},"id":508808324,"chatMsg":"hola"}