{"id":508808324,"orientation":{"z":0.949999988079071,"x":-5.610000133514404,"y":179.16000366210938},"position":{"z":53.557159423828128,"x":-39.2515983581543,"y":-144.5203399658203},"chatMsg":"","chatId":0}