{"chatId":0,"position":{"y":6.469806671142578,"x":-62.72552490234375,"z":-29.240819931030275},"orientation":{"y":161.60000610351563,"x":0.3700000047683716,"z":0},"id":508808324}