{"chatId":0,"position":{"y":6.499534606933594,"x":-74.92240142822266,"z":-5.853053092956543},"orientation":{"y":149.11000061035157,"x":-1.7300000190734864,"z":-0.009999999776482582},"id":508808324}