{"chatId":0,"position":{"y":6.502069473266602,"x":-55.3394775390625,"z":-40.39270782470703},"orientation":{"y":-99.72000122070313,"x":-1.7300000190734864,"z":0.009999999776482582},"id":508808324}