{"chatId":0,"position":{"y":6.502106666564941,"x":-87.43399810791016,"z":-0.6845043897628784},"orientation":{"y":-171.7899932861328,"x":-1.7300000190734864,"z":0.009999999776482582},"id":508808324,"chatMsg":""}