{"id":508808324,"orientation":{"z":0,"x":-0.25999999046325686,"y":0.2199999988079071},"position":{"z":-28.93045425415039,"x":-86.7435073852539,"y":7.480130195617676},"chatMsg":"/console","chatId":1}