{"Orientation":{"y":0.12999999523162843,"x":-0.03999999910593033,"z":0},"chatId":0,"position":{"y":7.467794895172119,"x":-81.4817123413086,"z":-30.428585052490236}}