{"chatId":1,"position":{"y":6.498244285583496,"x":-71.47074127197266,"z":-2.87054181098938},"orientation":{"y":60.529998779296878,"x":0.14000000059604646,"z":0},"id":508808324,"chatMsg":"hi"}