{"chatId":0,"position":{"y":6.499907493591309,"x":-73.2831802368164,"z":17.410491943359376},"orientation":{"y":-34.349998474121097,"x":-1.7300000190734864,"z":0.019999999552965165},"id":508808324}