{"chatId":0,"position":{"y":6.500293254852295,"x":-78.25794219970703,"z":-42.00569534301758},"orientation":{"y":161.75999450683595,"x":-1.7300000190734864,"z":0.019999999552965165},"id":508808324}