{"chatId":0,"position":{"y":7.489106178283691,"x":-82.10671997070313,"z":-35.07362365722656},"orientation":{"y":-0.07999999821186066,"x":0.3499999940395355,"z":0},"id":508808324,"chatMsg":""}