{"chatId":0,"position":{"y":6.481213569641113,"x":-88.50081634521485,"z":-40.51655578613281},"orientation":{"y":-13.069999694824219,"x":-0.27000001072883608,"z":0},"id":508808324,"chatMsg":""}