{"chatId":0,"position":{"y":6.500029563903809,"x":-69.42318725585938,"z":-20.496597290039064},"orientation":{"y":4.71999979019165,"x":-1.7300000190734864,"z":0.019999999552965165},"id":508808324}