{"chatId":1,"position":{"y":6.467076301574707,"x":-101.19691467285156,"z":-31.15077781677246},"orientation":{"y":144.08999633789063,"x":-0.009999999776482582,"z":0},"id":508808324,"chatMsg":"hi"}