{"id":508808324,"orientation":{"z":0,"x":0.3700000047683716,"y":-0.05999999865889549},"position":{"z":-28.924911499023439,"x":-86.7435073852539,"y":7.470058441162109},"chatMsg":"/console","chatId":1}