{"chatId":3,"position":{"y":11.465579986572266,"x":-93.92372131347656,"z":-68.22723388671875},"orientation":{"y":-173.27000427246095,"x":3.2200000286102297,"z":0},"id":508808324,"chatMsg":"esta wea tiene un segundo de retraso"}