{"chatId":1,"position":{"y":6.891021251678467,"x":-101.37989044189453,"z":-30.94710922241211},"orientation":{"y":143.32000732421876,"x":-0.20000000298023225,"z":0},"id":508808324,"chatMsg":"hi"}