{"id":508808324,"orientation":{"z":0,"x":-0.019999999552965165,"y":-22.239999771118165},"position":{"z":48.340431213378909,"x":-41.938079833984378,"y":-142.97645568847657},"chatMsg":"","chatId":0}