{"id":508808324,"orientation":{"z":0,"x":-0.1599999964237213,"y":-153.3699951171875},"position":{"z":63.61936950683594,"x":-36.874961853027347,"y":-140.97982788085938},"chatMsg":"","chatId":0}