{"chatId":0,"position":{"y":6.5004448890686039,"x":-51.80261993408203,"z":-59.86811828613281},"orientation":{"y":-127.77999877929688,"x":-1.7300000190734864,"z":0},"id":508808324}