{"id":508808324,"orientation":{"z":0,"x":-0.2199999988079071,"y":-44.86000061035156},"position":{"z":51.499420166015628,"x":-25.499025344848634,"y":-142.95005798339845},"chatMsg":"","chatId":0}