{"chatId":0,"position":{"y":7.500091552734375,"x":-82.87952423095703,"z":-34.14662170410156},"orientation":{"y":-0.05999999865889549,"x":0,"z":0},"id":508808324,"chatMsg":""}