{"chatId":1,"position":{"y":6.4961442947387699,"x":-74.99683380126953,"z":-3.4229037761688234},"orientation":{"y":-122.2300033569336,"x":0.20999999344348908,"z":0},"id":508808324,"chatMsg":"hola"}