{"chatId":0,"position":{"y":6.499488830566406,"x":-49.88893127441406,"z":-79.83042907714844},"orientation":{"y":-17.649999618530275,"x":-1.7300000190734864,"z":-0.009999999776482582},"id":508808324}