{"id":508808324,"orientation":{"z":0,"x":-13.729999542236329,"y":143.7899932861328},"position":{"z":21.351537704467775,"x":-62.61970138549805,"y":-136.43580627441407},"chatMsg":"","chatId":0}