{"chatId":0,"position":{"y":11.756824493408204,"x":-106.2508544921875,"z":-6.149994850158691},"orientation":{"y":26.860000610351564,"x":3.0899999141693117,"z":-0.1599999964237213},"id":508808324}