{"chatId":0,"position":{"y":6.500757694244385,"x":-120.10610961914063,"z":-35.85674285888672},"orientation":{"y":24.079999923706056,"x":-1.7300000190734864,"z":0.019999999552965165},"id":508808324}