{"chatId":0,"position":{"y":6.475208282470703,"x":-94.7329330444336,"z":-52.79228973388672},"orientation":{"y":111.62000274658203,"x":-0.27000001072883608,"z":0.03999999910593033},"id":508808324}