{"id":508808324,"orientation":{"z":0,"x":-0.27000001072883608,"y":-22.15999984741211},"position":{"z":48.338409423828128,"x":-41.93724822998047,"y":-142.95863342285157},"chatMsg":"","chatId":0}