{"id":508808324,"orientation":{"z":0,"x":0.1599999964237213,"y":-0.019999999552965165},"position":{"z":-28.926755905151368,"x":-86.7435073852539,"y":7.497560501098633},"chatMsg":"/console","chatId":1}