{"chatId":1,"position":{"y":6.47628116607666,"x":-54.222450256347659,"z":-10.691692352294922},"orientation":{"y":-150.2899932861328,"x":-0.23999999463558198,"z":0},"id":508808324,"chatMsg":"hola"}