{"chatId":0,"position":{"y":11.45022201538086,"x":-80.04193878173828,"z":-59.13555908203125},"orientation":{"y":-61.09000015258789,"x":1.7699999809265137,"z":-0.10000000149011612},"id":508808324}