{"chatId":1,"position":{"y":6.630436897277832,"x":-83.65747833251953,"z":-23.477375030517579},"orientation":{"y":-5.010000228881836,"x":-0.9800000190734863,"z":0.009999999776482582},"id":508808324,"chatMsg":"hi"}